Original_SMILES,QED,SA_score,Origin
CCCl,0.37198554725482313,2.3813339617119063,1st_iter
SBr,0.44841819337939126,4.9548756112570835,1st_iter
O,0.3277476769246249,5.868476923076923,1st_iter
CO,0.38528440447384316,2.701044842026315,1st_iter
CNN,0.27331503611697344,2.9731878078657523,1st_iter
,0.33942358984550913,,1st_iter
S,0.35641978822956905,6.963984615384615,1st_iter
CC,0.3727855551576051,2.7475679189493913,1st_iter
C,0.3597849378839701,7.3284153846153846,1st_iter
BB,0.2730446161606668,6.13562945741093,1st_iter
OI,0.48529089875458487,4.520106380487853,1st_iter
B,0.28793822605730385,8.479573080261886,1st_iter
I,0.4191265240259666,7.084584615384616,1st_iter
BBB,0.2613840621574768,7.329118577096521,1st_iter
II,0.5776074734119597,4.771321765103238,1st_iter
CCOCCC,0.474106795831282,1.7503892021323146,1st_iter
ICNNNNNNNNNNNNNNNNNNNNNI                         IIIIIIIIIIIIIIIIIIIIIIIIIIIIIIIIIIIIIIIIIIIIIIIIIIIIIIIIIIIIIIIIIIIIIII,0.014957417677336413,5.731765016710003,1st_iter
IS,0.3999045384796002,5.347183303564776,1st_iter
CC(C),0.3854706587740357,1.7549570386349824,1st_iter
F,0.35079494417635715,6.635276923076923,1st_iter
Br,0.39965578527120305,6.963984615384615,1st_iter
COOI,0.33385164245904214,4.120769200314133,1st_iter
CSN,0.40697086243931657,3.6928647309426754,1st_iter
Cl,0.36516432379389474,6.251046153846153,1st_iter
CCC,0.3854706587740357,1.7549570386349824,1st_iter
N,0.3975550616040572,6.667815384615385,1st_iter
CCCC,0.4310243576713092,1.605723046467979,1st_iter
FF,0.37418213642632686,3.967275611257083,1st_iter
c1cc(cc2cc1ccc(o2)S(=O)OOc3ccnn33)S3    33  23           F))))),0.684528074359036,7.227584656612074,1st_iter
BF,0.3157395144418049,5.25302945741093,1st_iter
CC   //////5555555555555555555555555555555555555555555555555555555555555555555555555555555555555555555555555555555555555,0.3727855551576051,2.7475679189493913,1st_iter
BBBB                                             ((=====================================================================,0.2753627677304963,7.603784584929518,1st_iter
BBr,0.36732452053056763,5.4643217651032385,1st_iter
OCOOOO,0.21004061042073055,4.158901702132316,1st_iter
CC(=O)CCCCCCCCCCCCCCCCCCCCCCCCCCCC1CCCCNC1NC1NNCCNC1NCCNNCCNCCNNCNNCNNNNNNNNNNNNNNNNNNNNNNNNNNNNNNNNNNNNNNNNNNNNNNNNNNNN,0.011635093775127383,6.85731288640839,1st_iter
CCCOO,0.390606564095757,2.80859169589783,1st_iter
OOOOOOOOOOO,0.28083929980033967,4.233093658922363,1st_iter
I-S,0.3999045384796002,5.347183303564776,1st_iter
CNNNCN,0.18619807176382008,4.560907471363085,1st_iter
SSSSSSS,0.4210212852758908,5.409990388143512,1st_iter
SSSSSSSSSSSS,0.23499541857364653,5.059092866654222,1st_iter
OO,0.2924874734103591,3.072537149718623,1st_iter
CCCCCCC                     22222OOOO         OOOOOOOOOOOO2222222222222222222222222222222222       =====================,0.4763098736533007,1.2607134650665888,1st_iter
CCCCCCCl,0.3954804553285623,1.7994745986698266,1st_iter
OSS I,0.25849518416720274,4.84701088478883,1st_iter
CSS,0.33672046561531,3.876603192481137,1st_iter
IIII                                \\\\\\\\\\\\\\\N\N\N\\\N\N\N\N\N\N\N\N\N\N\N\N\N\N\N\N\N\N\N\N\N)N)N)N)N)N)N)N)N)N)N,0.4771790395976942,6.230393156685966,1st_iter
CC#N,0.38698057986907736,3.3616185770965217,1st_iter
BOO,0.21572005939684286,4.552133961711906,1st_iter
SII,0.5104800304573883,7.499357038634983,1st_iter
CNNNNNNN,0.11564547491706693,4.965427910734499,1st_iter
IC,0.34990733484505493,4.272721765103237,1st_iter
CCCCCF,0.46561872605695825,2.07788535597847,1st_iter
CCOO,0.35368629093854076,2.739076892621826,1st_iter
CCCCC,0.4687855098011332,1.699621281696647,1st_iter
B                      @@@@@@@@@@@@@@@@@@@@@@@@@@@@@@@@@@@@@@@@@@333@@@@@@@@@@@3333@@@@3@@@@3333333333@3333333333@333333,0.28793822605730385,8.479573080261886,1st_iter
FI,0.45152532867333245,4.570875611257085,1st_iter
CCCCCCCCCCC,0.4526177505443085,1.1945998623963092,1st_iter
NCCI,0.4474896194072095,3.3400615080064426,1st_iter
CCCCCCCCCC,0.4684089279615184,1.2261106443371048,1st_iter
COII,0.6652497728587985,5.91795381569875,1st_iter
CCCCOCCC,0.5002959280924315,1.7206258128324023,1st_iter
SSS,0.3410375129543791,5.255126269404213,1st_iter
BCCC,0.382342308976079,3.500538431083365,1st_iter
CN(C)NCNCCCNCCNNNNNNNNNNNNNNNNNNNNNNNNNNNNNNNNNNNNNNNNNNNNNNNNNNNNNNNNNNNCNCNCNCNCNCNCNCNCNCNCNCNCNCNCNCNCNCNCNCNCNCNCNC,0.015272340246086685,7.78152655553299,1st_iter
CCc1ccccc(cc1CC=O)NCCCCCCC2CC2,0.41718584790318747,3.3154712415053025,1st_iter
FS,0.38704918484352857,4.743583303564777,1st_iter
C                                         ( ( ( ( ( ( ( ( ( ( ( ( ( ( ( ( ( ( ( ( ( ( ( ( ( ( ( ( ( ( ( ( ( ( ( ( ( ( (,0.3597849378839701,7.3284153846153846,1st_iter
C      C11111111111111111111111111111111111111111111111111111111111111111111111111111))))))))))))))))))))))))))))))))))),0.3597849378839701,7.3284153846153846,1st_iter
CON,0.37397768229049294,2.9924801155580596,1st_iter
BrBBBB,0.3767544912851651,7.743531340868245,1st_iter
CC(=O)NCCCCCCCCCCCCCCCCCCCCCCCCCCCCCCCCCCCCCCCCCCCCCCCCCCCCCCCCCCCCCCCCCCCCCCCCCCCCCCCCCCCCCCCCCCCCCCCCCCCCCCCCCCCCCCCCC,0.060436667970958376,4.022272939991288,1st_iter
CC(=O)CC(OO)NC(OO)NC(OO)OC(OO)OC(OO)OC(OO)NC(OO)NC(OO)NC(OO)NC(OO)NC(OO)NC(OO)NC(OO)NC(OO)NC(OO)NC(OO)NC(OO)NC(OO)NC(OO),0.01527331078602088,7.351100054126103,1st_iter
OBr,0.4600586231697685,3.724644842026315,1st_iter
CC s555,0.3727855551576051,2.7475679189493913,1st_iter
BC,0.31875921935469864,4.9548756112570835,1st_iter
CCCCCCCCCCCCCCCCCCCCCCCCCCCCCCCCCCCCCCCCCCCCCCCCCCCCCCCCCCCCCCCCCCCCCCCCCCCCCCCCCCCCCCCCCCCCCCCCCCCCCCCCCCCCCCCCCCCCCCCC,0.05326173735636402,3.476437509080805,1st_iter
c1cccc(cc(c1)SSnnccnc2)CCCS2,0.4241353984045343,6.034585988230329,1st_iter
ICNNNNN,0.09742505367263493,5.115395246443108,1st_iter
OOI,0.3226240687178275,4.195595500173446,1st_iter
CCCC         CCCCCCCCOCOCOnOnnnnnnnnnnnnnnnnnnnnnnnnnnnnnnnnnnnnnCOCOnOnOnCOCOCOnOnCOCOCOnOnC)COCOnC)COCOOC)COCO)COCO)CO,0.4310243576713092,1.605723046467979,1st_iter
CCNCCCCCCCCCCCCCCCCCCCCCCCCCCCCCCCCCCCCCCCCCCCCCCCCCCCCCCCCCCCCCCCCCCCCCCCCCCCCCCCCCCCCCCCCCCCCCCCCCCCCCCCCCCCCCCCCCCCCC,0.05986796967756667,3.9810998244577167,1st_iter
C  OOOOOOOO,0.3597849378839701,7.3284153846153846,1st_iter
CSSSSSSSSSSSSSSSSSSS,0.09242780392576141,5.048114360112576,1st_iter
OOO,0.29875973191794,3.223341654019599,1st_iter
ClC,0.3573626606013345,3.0453986881801605,1st_iter
C1CCC11CCC1CCCCCCCCCCCCCCCCCCCCCCCCCCCCCCCCCCCCCCCCCCCCCCCCCCCCCCCCCCCCCCCCCCCCCCCCCCCCCCCCCCCCCCCCCCCCCCCCCCCCCCCCCCCCC,0.05326173840126881,5.0800082062811995,1st_iter
CCOOOO,0.31135169710027677,3.5581257405938533,1st_iter
CI,0.34990733484505493,4.272721765103237,1st_iter
CC  ++CCNNNNN12222(((((((222222(222222222)(F,0.3727855551576051,2.7475679189493913,1st_iter
C\I,0.34990733484505493,4.272721765103237,1st_iter
COOO                           Sccccc((((((((((((((((((((((((((((((((((((((((((((((((((((((((((((((((((((((((((((((c(c((,0.34526239913364815,3.10315381569875,1st_iter
SS,0.30254618487901463,5.116737149718623,1st_iter
CCNN,0.31514839256535404,2.85912304646798,1st_iter
SSS  C@-----,0.3410375129543791,5.255126269404213,1st_iter
CCN,0.4062370953898832,2.174195500173445,1st_iter
CC(C)NCCNCNNCNNCNCNNCNNCNNNNNNNNNNNNNNNNNNNNNNNNNNNNNNNNNNNNNNNNNNNNNNNNNNNNNNNNNNNNNNNNNNNNNNNNNNNNNNNNNNNNNNNNNNNNNNNN,0.011635093549269797,6.431946725247297,1st_iter
COBr,0.45157139470310625,3.3795262694042147,1st_iter
CC(C)NNNNNNNNNNNNNNNNNNNNNNNNNNNNNNNNNNNNNNNNNNNNNNNNNNNNNNNNNNNNNNNNNNNNNNNNNNNNNNNNNNNNNNNNNNNNNNNNNNNNNNNNNNNNNNNNNNN,0.015272340216590774,7.965374459736991,1st_iter
CC(=O)CCCCCOCCCCCCCCCCCCCCCCCCCCCCCCCCCCC,0.07641419416318807,2.0515874902039126,1st_iter
CCOOO                                                                                                              ccccc,0.38414906201193055,3.3735893290339254,1st_iter
C @@@@C](()((()((((O)(((())(2))),0.3597849378839701,7.3284153846153846,1st_iter
FN,0.3700742015408931,4.01979868818016,1st_iter
CCCCCCC,0.4763098736533007,1.2607134650665888,1st_iter
CCSS,0.38005125121495525,3.8740153541602877,1st_iter
CC       c    /ccNNNN////////////////////////////////////////////////NNNNNNNNNN//ccccccccccccccccccccccccccccccccccccccc,0.3727855551576051,2.7475679189493913,1st_iter
ON,0.3484044488507222,3.565875611257084,1st_iter
I               C(((F)F)F(F))))F)),0.4191265240259666,7.084584615384616,1st_iter
CSSSSSSCCCCC                  CCCCCCCCCCCCCCCCC      C       CC CCCCCC         CC       CCCCCCCC            CC     CCC,0.3842942640399607,3.6987777605028604,1st_iter
III,0.5653207107163764,7.413003192481137,1st_iter
CC            //////////////////////////////////////====================================================================,0.3727855551576051,2.7475679189493913,1st_iter
Cc1c(c(c1CC(C(C)c2ccc2CC)CO)O)C,0.7557668648225946,4.5128439839960865,1st_iter
CC(=O)NCCNCCCCCCCCCCCCCCCCCCCCCCCCCCCCCCCCCCCCCCCCCCCCCCCCCCCCCCCCCCCCCCCCCCCCCCCCCCCCCCCCCCCCCCCCCCCCCCCCCCCCCCCCCCCCCC,0.05960815575176664,4.1716142564985095,1st_iter
C=O,0.36062445834190227,4.043614072795545,1st_iter
CCC  CC[NNc[c2(cnO2cccccccc3333),0.3854706587740357,1.7549570386349824,1st_iter
COOO,0.34526239913364815,3.10315381569875,1st_iter
C      SSSC)S22S2222c(((c(((c((((OSOC,0.3597849378839701,7.3284153846153846,1st_iter
CCCCCCCCC,0.4777243799437154,1.2626212902326763,1st_iter
INNNNNSSSNNSSNNN,0.03300686475452314,6.129295632538968,1st_iter
CC[C@H]CCCCCCCCCCCCCCCCCCCCCCCCCCCCCCCCCCCCCCCCCCCCCCCCCCCCCCCCCCCCCCCCCCCCCCCCCCCCCCCCCCCCCCCCCCCCCCCCCCCCCCCCCCCCCCCCC,0.05326173832273584,3.9128189524849697,1st_iter
CB,0.31875921935469864,4.9548756112570835,1st_iter
BBBr,0.3561161739668927,6.791887807865752,1st_iter
CNNNCNCCNCNNNNCNNNNNNNNNNNNNNNNNNNNNNNNNNNNNNNNNNNNNNNNNNNNNNNNNNNNNNNNNNNNNNNNNNNNNNNNNNNNNNNNNNNNNNNNNNNNNNNNNNNNNNNNN,0.01163509353016994,6.6571856901551625,1st_iter
IN,0.38246344565381757,4.623398688180162,1st_iter
CCSSSS,0.3811845580200618,4.748886317516932,1st_iter
CS,0.37947717275669157,4.445429457410929,1st_iter
OOOI 6,0.3636656838731868,4.473461508006442,1st_iter
CCSS=SSSSSSSSSSSSSSSSSSSSSSSSSSSSSSSSSSSSSSSSSSSSSSSSSSSSSSSSSSSSSSSSSSSSSSSSSSSSSSSSSSSSSSSSSSSSSSSSSSSSSSSSSSSSSSSSSSS,0.03003596802426595,7.822343492341595,1st_iter
NI,0.38246344565381757,4.623398688180162,1st_iter
CN,0.3846582089034356,2.995875611257084,1st_iter
CCCCCSS,0.35210208604086124,2.9819288496819727,1st_iter
SI,0.39990453847960017,5.347183303564776,1st_iter
CNNNNN,0.1519479005790087,4.6832815098246225,1st_iter
CSSSSSSSS                               C CCCCCCCCCCCCCCCC#C#,0.4012059355350008,5.103521545687095,1st_iter
CCCCCCCCCCCCCCCCCCCCCCNCNCNCCCCCCCCCCCCCCCCCCCCCCCCCCCCCCCCCCCCCCCCCCCCCCCCCCCCCCCCCCCCCCCCCCCCCCCCCCCCCCCCCCCCCCCCCCCCC,0.0419567517769138,4.120356191344815,1st_iter
IF,0.45152532867333245,4.570875611257085,1st_iter
C    CNNNNNNN[NNNNNNNNNNNNNNNNNNNNNNNNNNNNNNNNNNNNNNNNNNNNNNNNNNNNNNNNNNNNNNNNNNNNNNN))))))))))))))))))))))))))))))))))),0.3597849378839701,7.3284153846153846,1st_iter
CSO,0.42072955653074406,3.6700647309426753,1st_iter
OSSS,0.30736888604691676,5.179753815698751,1st_iter
C SSSSNNN###############################################################################################################,0.3597849378839701,7.3284153846153846,1st_iter
CC                                                                           OOOOOOOOOOOOOOOOOOOOOOOOOOOOOOOOOOOOOOOOOOO,0.3727855551576051,2.7475679189493913,1st_iter
C                                                         ##############################################################,0.3597849378839701,7.3284153846153846,1st_iter
CC  @,0.3727855551576051,2.7475679189493913,1st_iter
BrB,0.36732452053056763,5.4643217651032385,1st_iter
SF         (=)))=O)=O)==)===============)=)=O=O)O)=)=O)O)=)=O=O)=)=O=O)=)=O=O=O)=)=O=O)=)=O=O)=)=O)O)=)=O)O)=))O)O)=))(),0.38704918484352857,4.743583303564777,1st_iter
CC                                                            IInnnnnnnnnnnnnnnnnnnnnnnnnnnnnnnnnnnnnnnnnnnnnnnnnnnnnnnn,0.3727855551576051,2.7475679189493913,1st_iter
NN,0.2606589485634476,4.072321765103238,1st_iter
c1ccc(cc1CN)NNCCCCCCCCCCCCCCCCCCCCNNCNNNCNNNNNNNNNNNNNNNNNNNNNNNNNNNNNNNNNNNNNNNNNNNNNNNNNNNNNNNNNNNNNNNNNNNNNNNNNNNNNNN,0.012461337298362421,7.611347217194293,1st_iter
CBBI,0.3840659396156821,7.205261508006442,1st_iter
SSS                     CCCCCC(((=(####222,0.3410375129543791,5.255126269404213,1st_iter
c1ccc2c(c(n1)nnnnn2)SCNN3CC3,0.614565674641746,5.168055015255424,1st_iter
CC(=O)NNNONNNNNCCNNCNNCNNNNNNNNNNNNNNNNNNNNNNNNNNNNNNNNNNNNNNNNNNNNNNNNNNNNNNNNNNNNNNNNNNNNNNNNNNNNNNNNNNNNNNNNNNNNNNNNN,0.011635093556991308,7.092855437635787,1st_iter
COOOII,0.34132910017776713,5.820552663670776,1st_iter
CF,0.3673293108901918,3.669121765103238,1st_iter
CCC(=O)CCCOCOCOCOCOCCCCCCCCCCCCCCCCCCCCCCCCCCCCCCCCCCCCCCCCCCCCCCCCCCCCCCCCCCCCCCCCCCCCCCCCCCCCCCCCCCCCCCCCCCCCCCCCCCCCC,0.04466614488249198,4.405696013279189,1st_iter
CCI,0.3673267500017498,2.9336108847888287,1st_iter
NOSO       o,0.3442838133992628,4.902492277237211,1st_iter
S  +,0.35641978822956905,6.963984615384615,1st_iter
I S,0.4191265240259666,7.084584615384616,1st_iter
CC(C)CCCCCCCCCCCCCCCCCCCCCCCCCCCCCCCCCCCCCCCCCCCCCCCCCCCCCCCCCCCCCCCCCCCCCCCCCCCCCCCCCCCCCCCCCCCCCCCCCCCCCCCCCCCCCCCCCCC,0.05326173772742366,3.8541408879040757,1st_iter
CC 2CCC]222222222222CC,0.3727855551576051,2.7475679189493913,1st_iter
CC(CO)NCCCCCCCCCCCCCCCCCCCCCCCCCCCCCCCCCCCCCCCCCCCCCCCCCCCCCCCCCCCCCCCCCCCCCCCCCCCCCCCCCCCCCCCCCCCCCCCCCCCCCCCCCCCCCCCCC,0.0595057242396639,4.5741778454938355,1st_iter
CCB,0.3359845217692945,3.7425493463272907,1st_iter
SB,0.2747680501399689,6.029337149718622,1st_iter
COON,0.3274211136458803,3.404646123391058,1st_iter
CSCCCC        @@@=]  O=O  ] 1 1  1=1   =1=1 =1=1=1=1=1=1=1=1=1=1=1=1=1=1=1=1=1=1===1=O1=O1=O1=O==O==O==O==O=OO=O==O=OO=O,0.49428390702591984,2.0322449713630846,1st_iter
BBB    @@@@@]]]OOO((((((((((((((((((((((((((((((((((((((((((((((((((((((((((((((((((((((((((((((((((((((((((((((((((((((,0.2613840621574768,7.329118577096521,1st_iter
N                                                                                      N N N N N N N N N N N N N N N N N,0.3975550616040572,6.667815384615385,1st_iter
c1ccc(cc1)NNNNNNCNNCCNNNNNNNNNNNNNNNNNNNNNNNNNNNNNNNNNNNNNCNNNNNCNNNNCCNNNNCCNNNNCCNNNNCCNNNNCCCNNNCCCNNNCCCNNNCCCNNNCCC,0.016356876048604606,7.6317784538585585,1st_iter
CCOOOOOOO,0.321102732275489,4.019439699533249,1st_iter
CC[NH+]1CCCCCCCCCCNCCNCCNCNCCNCCNCCNCNNCNCCNCCNCNNCNCCNCNNCNCCNCNNCNCCNCNNCNCCNCNCCNCNNCNCCNCNCCNCNNCNCNNCNC1NCNC1NCNN1N,0.08976522933303464,7.106813388021412,1st_iter
CCCO,0.46378398302396845,1.9644153541602876,1st_iter
NNNNN,0.18317797758925286,4.592807080513214,1st_iter
CBr,0.3936198519990384,3.4772602266417003,1st_iter
CC C++++HHH CCCCCC,0.3727855551576051,2.7475679189493913,1st_iter
CNNNN\N,0.1519479005790087,4.6832815098246225,1st_iter
C  CCSSSS()1SSSSS(SS)SSSCC2,0.3597849378839701,7.3284153846153846,1st_iter
CCC(=O)C1CCC(CC1C[CH])[C@H++],0.6491515525333602,5.361404573166224,1st_iter
ISN,0.4375853046719428,5.00908011555806,1st_iter
Br                                                                                                            @@@@@@@@@@,0.39965578527120305,6.963984615384615,1st_iter
BN,0.321399172353773,4.902398688180162,1st_iter
OOOF,0.3543002285281348,4.028461508006442,1st_iter
SSSSSS,0.4013774645211498,5.467830548286161,1st_iter
C  NN1C(C333333]3ccccccc3CCC#N,0.3597849378839701,7.3284153846153846,1st_iter
CCOCC,0.4752681489358652,1.9056733527025642,1st_iter
SSSSS\\S\SS S OOOOOOO          SSSS\S         SSSS             \\\\          SSO            1\\\           SS,0.41536531944178184,5.374386651993241,1st_iter
NNNN,0.20579167580792043,3.7851538156987505,1st_iter
CCCCCCCCCCCCCCCCCCCCCC ////CCCCCCCCCCCCC//,0.20895316562946994,1.0588669567939633,1st_iter
C 4,0.3597849378839701,7.3284153846153846,1st_iter
C CC1CCCC1C11CCCC1(CCCCCCCCCCCCCCCCCCCCCCCCCCCCCCCCCC(C((CCCCCCCCCCCCCC((((CCCCCCCCCCCCCCC((((CCCCCCCCCCCCCC((((CCCCCCCC,0.3597849378839701,7.3284153846153846,1st_iter
C CC@]C]C(CC(C)O)[CH]=O)[33C,0.3597849378839701,7.3284153846153846,1st_iter
CO  ]  cc(c(((-------],0.38528440447384316,2.701044842026315,1st_iter
SSSSSSSSSS,0.3309427540887627,5.187633721260181,1st_iter
CCl,0.3573626606013345,3.0453986881801605,1st_iter
Cc1cccccc(c1C)NS(=O)(=O)[O-],0.7230986874031983,3.82072427265007,1st_iter
CCCCCC,0.4629542813199688,1.2090305482861616,1st_iter
B\B,0.2730446161606668,6.13562945741093,1st_iter
CCCCNCCCCCCCCCCCCCCCCCCCCCCCCCCCCCCCCCCCCCCCCCCCCCCCCCCCCCCCCCCCCCCCCCCCCCCCCCCCCCCCCCCCCCCCCCCCCCCCCCCCCCCCCCCCCCCCCCCC,0.05986796967756667,3.9334288500045025,1st_iter
SNI,0.31450481021145493,5.299064730942675,1st_iter
CCCCOOOOOOO,0.32960975645139984,3.564759145230232,1st_iter
COOOOO,0.3017894595713834,3.9672795867476998,1st_iter
OOS,0.1844422079564712,4.268564730942677,1st_iter
C[C@]CCCCCCCCCCCCCCCCCCCCCCCCCCCCCCCCCCCCCCCCCCCCCCCCCCCCCCCCCCCCCCCCCCCCCCCCCCCCCCCCCCCCCCCCCCCCCCCCCCCCCCCCCCCCCCCCCCC,0.05326173802320909,3.8999222571189636,1st_iter
I              ooooo))cccccoo,0.4191265240259666,7.084584615384616,1st_iter
CCC(=O)CCCNNNCCCCNCCNC(CCNCNCCNCCCCCCCCCCCCCCCCCCCCCCCCCCCCCCCCCCCCCCCCCCCCCCCCCCCCCCCCCCCCCCCCCCCCCCCCCCCCCCCCCCCCCCC)N,0.016435264390772093,5.276273535585806,1st_iter
C             (((()O(c(ccccc)))))))))),0.3597849378839701,7.3284153846153846,1st_iter
CC#CC,0.3621978219384472,3.553015354160287,1st_iter
ICCS Cll  ccccccccccccccccc,0.3581010364072415,3.970261508006441,1st_iter
CCCCCCCCCCCCCCCCCCCCCCC,0.19567989082850493,1.0590936620985918,1st_iter
NO,0.3484044488507222,3.565875611257084,1st_iter
CCC                                    /////////////////////////////////////////////////////////////////////////////////,0.3854706587740357,1.7549570386349824,1st_iter
COOOOOOOOOOO,0.289039676646314,4.482164638330914,1st_iter
C   +,0.3597849378839701,7.3284153846153846,1st_iter
CBB,0.30439857478364885,6.4676801155580605,1st_iter
CNNNNNN,0.13090893856612762,4.842888363852014,1st_iter
COOOI,0.36653592335818264,4.6748721692706106,1st_iter
C/CC  =))))=====##########                                    //////////////////////////////////////////////////////====,0.3854706587740357,1.7549570386349824,1st_iter
CCCCCCCCCCCC,0.4304643040524984,1.167517301043361,1st_iter
FNN,0.21708240167470044,3.861003192481137,1st_iter
SSSSSSSSSSSSSSSSSSSSSSSSSSSSSSSSSSSSSSSSSSSSSSSSSSSSSSSSSSSSSSSSSSSSSSSSSSSSSSSSSSSSSSSSSSSSSSSSSSSSSSSSSSSSSSSSSSSSSSSS,0.03369222168521908,7.072592300657943,1st_iter
CCOCCCCCCCCCCCCCCCCCCCCCCCCCCCCCCCCCCCCCCCCCCCCCCCCCCCCCCCCCCCCCCCCCCCCCCCCCCCCCCCCCCCCCCCCCCCCCCCCCCCCCCCCCCCCCCCCCCCCC,0.05516791121846348,3.9747735245006908,1st_iter
[C@],0.3457380451019117,8.479573080261886,1st_iter
CCSSSSSSSSSSSSSSS,0.1335724342495715,5.09086303675257,1st_iter
OCO,0.3419937935086325,2.4546031924811373,1st_iter
CCO,0.4068079656553945,1.9802570386349831,1st_iter
CCCCCSSSSSSSSSSSSSSSSSSSSSSSSSSSSSCCCCCCSSSSSSSSSSSSSSSSSSSSSSSSSSSSSCCCCCCCCCCCCCCCCCCCCCCCCCCCCCCCCCCCCCCCCCCCCCCCCCCC,0.04186460722438296,5.79709525451628,1st_iter
C  #===C[\@@\\\\@@@@\@@@@@@@@@@@@\@@@@@\\C@@@]\C@@@H\CC@@H\[C@@H\\C@@@H\C@@@H\CC@@H\CC@@H\CC@@H\CC@@H\CC@@H\CC@@H2CC@@H2,0.3597849378839701,7.3284153846153846,1st_iter
CCNCCCNNNNNNNCNCNCNCNCCCNCNCCCCCCCCCCCCCCCCCCCCCCCCCCCCCCCCCCCCCCCCCCCCCCCCCCCCCCCCCCCCCCCCCCCCCCCCCCCCCCCCCCCCCCCCCCCCC,0.015783766112731686,4.92368669621531,1st_iter
NNNC,0.25756743330556875,3.547599969544903,1st_iter
CNI,0.3996418622732957,3.974426269404214,1st_iter
CN       #,0.3846582089034356,2.995875611257084,1st_iter
COI,0.4771561492813931,3.52761088478883,1st_iter
C          CCCCCCCCCCCCCCCCCCCCCCC////CCCCCCCCCCC/////CCCCCCCCCCCC/////CCCCCCCCCCCC////CCCCCCCCCCC/////=CCCCCCCCCC/////=,0.3597849378839701,7.3284153846153846,1st_iter
CCSC,0.454269072143213,2.608907661852596,1st_iter
SSSSS,0.47351446102004546,5.609029565720316,1st_iter
CC                                                                          ////////////////////////////////////////////,0.3727855551576051,2.7475679189493913,1st_iter
CSI                 ISSSSSSSSSSS1111111111111111111111111111111111111111111111111111111111111111111111111111111111111111,0.5033260757108574,4.2174493463272915,1st_iter
CCCCCC +,0.4629542813199688,1.2090305482861616,1st_iter
CCF,0.38239715499610855,2.738080115558061,1st_iter
C#CCCCCCCCCCCCCCCCCCCCCCCCCCCCCCCCCCCCCCCCCCCC,0.046656156947352055,1.9436749305957282,1st_iter
NN                          CC C====)OC==)OC(=O)OC==O)O(=O)OC(=O)OC==))C(=O)(C==O)C(=O)(C==O)O(=O)(C==O)O(=O)(C==))C(=O),0.2606589485634476,4.072321765103238,1st_iter
OOOB,0.2391782077779523,4.711153815698749,1st_iter
SCF,0.3979295020180408,3.760803192481137,1st_iter
FC#CN,0.3041276429313645,5.008061508006442,1st_iter
COC(=O)NCCCCCCCCCCCCCCCCCCCCCCCCCCCCCCCCCCCCCCCCCCCCCCCCCCCCCCCCCCCCCCCCCCCCCCCCCCCCCCCCCCCCCCCCCCCCCCCCCCCCCCCCCCCCCCCC,0.06165379399669611,4.1267647621661325,1st_iter
CCC   CCCCCCCCCCCCCCCCCCCCCCCCCCCCCCCCCCCCCCC]CCCNCC]CCC@CC]NCC@NCCNNCC@CCNNCC@@C]NNC@@C]NNCC@@C]NNC@@]]]NCC@@]]NNC@@]]],0.3854706587740357,1.7549570386349824,1st_iter
NNN,0.22582130121029276,3.349157038634983,1st_iter
CCCN,0.46327091845476276,2.007553815698749,1st_iter
CONN,0.3026865433765031,3.177276892621827,1st_iter
NN=NNN,0.20522172875268396,5.064470985838659,1st_iter
OOOO             1cccccc++ccccocccc+++++ooooo                         3,0.330664254445083,3.4558461233910576,1st_iter
COOOOON,0.29160182716669575,4.370829254540272,1st_iter
FO-I,0.48643534572795216,4.50034934632729,1st_iter
SSSS,0.4117305913914749,5.290353815698749,1st_iter
SO,0.3004690309968383,4.692814072795545,1st_iter
CCCCC           ====]222C=2O2O2O2O2O2O2O2O2O2O2O2O2O2O222222222222222222222222222222222222222222222222222222222222222222,0.4687855098011332,1.699621281696647,1st_iter
CCN    ==(((=(((===(((=(((((((((((((((((((((((((((((((((((((((((((((((((((((((((((((((((((((((((((((((((((((((((((((((((,0.4062370953898832,2.174195500173445,1st_iter
IB,0.3268648493627747,5.85662945741093,1st_iter
CCOOO,0.38414906201193055,3.3735893290339254,1st_iter
CCOCC(C(CCCCC)C)C1CCCCCCCCCCCCCCCCCCCCCCCCCCCC1CC1CC1CC1CC1CC1CCCCCCCC1CC1CC1CC1CCCCCCCCCCCCCCCCCCCCCCCCCCCCCCCCCCCCC1CC,0.11043065528282765,6.730150576318573,1st_iter
CNNN,0.25756743330556875,3.547599969544903,1st_iter
CNCNNNNNNNNNNNCCCC,0.07895049074930782,4.744021639009665,1st_iter
COOOOOO,0.309175052351369,4.101186339560517,1st_iter
SSSSI,0.4577727612742621,5.9422745361345175,1st_iter
CI=IIIIIIIIIII,0.12386807250322847,8.233781025465502,1st_iter
CCCNN,0.35318255070616034,2.82006270181499,1st_iter
CSSSSSSSSSSSSN                                                                                                 SSSSSSSSS,0.2067806041233176,5.2176442972780235,1st_iter
B#N,0.33099692140566694,6.34189099587247,1st_iter
SCSS,0.2939954807200273,4.971046123391057,1st_iter
C           ]]]]]]])))))))))))))))))))))))))))))))))))))))))))))))))())))()())()()(()()())()()(()()()(()()(()()(()()(()(,0.3597849378839701,7.3284153846153846,1st_iter
SSI,0.34720808977784307,5.394395500173445,1st_iter
NC 5,0.3846582089034356,2.995875611257084,1st_iter
CCC         /CCCCCCCCCCCC@11(=O),0.3854706587740357,1.7549570386349824,1st_iter
CC         (((((((((((((((((((((((((((((((((((((((((((((((((((((((((((((((((((((((((((((((((((((((((((((((((((((((((((((,0.3727855551576051,2.7475679189493913,1st_iter
C    +++++,0.3597849378839701,7.3284153846153846,1st_iter
CCSSSSS,0.4088049386958697,4.729043829439059,1st_iter
BO,0.3220570789319248,5.202260226641699,1st_iter
CCCCCCC  @,0.4763098736533007,1.2607134650665888,1st_iter
S\II,0.5104800304573883,7.499357038634983,1st_iter
ICl,0.47443923077994593,4.5705525343340065,1st_iter
CBBBI,0.39495270377199654,7.715583411874162,1st_iter
Cn1c(cc(nn1NC)CCCC(CC)C)[O-],0.7527193502499407,4.504157612626136,1st_iter
B                  IIIIIIIIIIIIIIIIIIIIIIIIIIIIIIIIIIIIIIIIIIIIIIIIIIIIIIIIIIIIIIIIIIIIIIIIIIIIIIIIIIIIIIIIIIIIIIIIIIIII,0.28793822605730385,8.479573080261886,1st_iter
CSSCCS,0.36124771356843455,4.105204586747698,1st_iter
CCNNN,0.2905148844869951,3.7072283822883625,1st_iter
CCC    (((((((((((((((((((((((((((((((((((((((((((((((((((((((((((((((((((((((((((((((((((((((((((((((((((((((((((((((((,0.3854706587740357,1.7549570386349824,1st_iter
IO,0.48529089875458487,4.520106380487853,1st_iter
CCCCOCCCCCCCCCCCCCCCCCCCCCCCCCCCCCCCCCCCCCCCCCCCCCCCCCCCCCCCCCCCCCCCCCCCCCCCCCCCCCCCCCCCCCCCCCCCCCCCCCCCCCCCCCCCCCCCCCCC,0.05516791121846348,3.931454032643094,1st_iter
CNC,0.3986709398154768,2.2160570386349825,1st_iter
CCCCCCCCCCCCC1CCCCC1CCCCCCCCCCCCCCCCCCCCCCCCCCCCCCCCCCCCCCCCCCCCCCCCCCCCCCCCCCCCCCCCCCCCCCCCCCCCCCCCCCCCCCCCCCCCCCCCCCCC,0.053261737760729067,4.728721513877043,1st_iter
BBBB,0.2753627677304963,7.603784584929518,1st_iter
C                                                                   @@@@@@@@@@@@@@@@@@@@@@@@@@@@@@HHHHHHHHHHHHHHHHHHHHHH,0.3597849378839701,7.3284153846153846,1st_iter
CCC    CCCcc(c2ooo22)c(oooo3c(oooo33c((ooo33c(oooo3)c(oooo3o((ooo3)o(ooo33o(oooo3o(oooo3)o(ooo3)o(oooo3o(ooooooo(oooooo(,0.3854706587740357,1.7549570386349824,1st_iter
IO                     IIIIIIIIIIIII////////////////////////////////////////IIIIIIIIIIIIIIIIIIIIIIIIIIIIIIII////////////,0.48529089875458487,4.520106380487853,1st_iter
CC                 ////2(////(C(/((C(C(C(/C(C(C(/l2C(C(Cl2C2C(C(/l2C2C(Cl2C2C(C(2l2C2C(Cl2C2C(Cl/l/C(C(/l/C/C(Cl/l/C(C(/,0.3727855551576051,2.7475679189493913,1st_iter
I     NNN@@-]]OOOO]OOOO]-3--3nnnn,0.4191265240259666,7.084584615384616,1st_iter
C                                         llllllllllllllllllllllllllllllllllllllllllllllllllllllllllllllllllllllllllllll,0.3597849378839701,7.3284153846153846,1st_iter
C  F(F=((C(C((((((((((((((((((((((((((((((((((((((((((((((((((((((((((((((((((((((((((((((((((((((((((((((((((((((((((((,0.3597849378839701,7.3284153846153846,1st_iter
CSSSSSSSSS,0.354884710885332,5.119145190851337,1st_iter
CC    CC(((C(C(+12222(22CC(((((((((((((CCCCCCC)))C,0.3727855551576051,2.7475679189493913,1st_iter
CONNN,0.2775943564498176,4.243628382288364,1st_iter
C           ////////////////////////////////////////////////////////////////////////////////////////////////////////////,0.3597849378839701,7.3284153846153846,1st_iter
CSc1ccccc1CSC(=O)CSc2cc(c2CCC=O)OO,0.27611839392830395,3.6574203605511038,1st_iter
SS      SS SSSS,0.30254618487901463,5.116737149718623,1st_iter
CCCCCl,0.45745018943386945,2.1591112225250484,1st_iter
c1ccc(c(c1))n2nnnn2,0.5718094800924616,2.5714800565769504,1st_iter
CC         @@@@@@@@@@@@@@@@@@@@@@@@@@@@@@@@@@@@]]]]]22222222222222222222222222222222222222222222222222222222222222222222,0.3727855551576051,2.7475679189493913,1st_iter
IIIII,0.40650308288024506,7.560373328310092,1st_iter
BI,0.3268648493627747,5.85662945741093,1st_iter
CC\C,0.3854706587740357,1.7549570386349824,1st_iter
I                                                                                          7777777777cccccFFFcoooooooo3o,0.4191265240259666,7.084584615384616,1st_iter
CCC(CC)CCCCNCCCCCCCCCCCCCCCCCCCCCCCCCCCCCCCCCCCCCCCCCCCCCCCCCCCCCCCCCCCCCCCCCCCCCCCCCCCCCCCCCCCCCCCCCCCCCCCCCCCCCCCCCCCC,0.05986797008839364,4.169229409682959,1st_iter
CSSSS,0.46727055287883335,5.00367571956647,1st_iter
O                                                                                      SSSSSSSSSSSSSSSSSSSSSSSSSSSSSSSSS,0.3277476769246249,5.868476923076923,1st_iter
CCC=NNNNNNNNNNNNNNNNNNNNNNNNNNNNCNNNNNNNNNNNNNNNNNCCNCCCNNNCCNCNNNCNNNNCNNNNNNCNN(N)NNNNNNNNNNNNNNNNNNNNNNNNNNNNNNNNNNNN,0.00883845939414192,7.278328785501803,1st_iter
CC1CCNCCCCCCCCCCCCC1CCNCCCCCCNCCNCCCCCCNCCNCCCCCCNCCNCCCCCC1CCNCCCCCC1CCNCCCCCC1CCNCCCCCC1CCCCCC1CC1CCCCCC1CC1CCCCCC1CC1,0.026619234683366258,6.801237109835478,1st_iter
CCCNCCCCCCCCCCCCCCCCCCCCCCCCCCCCCCCCCCCCCCCCCCCCCCCCCCCCCCCCCCCCCCCCCCCCCCCCCCCCCCCCCCCCCCCCCCCCCCCCCCCCCCCCCCCCCCCCCCCC,0.05986796967756667,3.978393636232534,1st_iter
CCCCOOOCCOCCCCCCCCCCCCCCCCCCCCCCCCCCCCCCCCCCCCCCCCCCCCCCCCCCCCCCCCCCCCCCCCCCCCCCCCCCCCCCCCCCCCCCCCCCCCCCCCCCCCCCCCCCCCCC,0.03454884039216933,4.300786313856925,1st_iter
S       ((((1FCC(F1)FCCFF)FFFFFFFFFFFFFFFFFFFFFFFFFFFFFFFFFFFFFFFFFFFFFFFFFFFFFFFFFFFFFFFFFFFFFFFFFFFFFFFFFFFFFFFFFFFFFF,0.35641978822956905,6.963984615384615,1st_iter
CCC#CC,0.376487856662048,3.394124240276528,1st_iter
CCS,0.39650349079173225,2.8183185770965213,1st_iter
COO,0.31061534304923694,2.826418577096522,1st_iter
ClII,0.6000179378100453,7.1110416540195995,1st_iter
Cc1ccccccc1CCCCCCCCCCCCCCCCCCCCCCCCCCCCCCCCCCCCCCCCCCCCCCCCCCCCCCCCCCCCCCCCCCCCCCCCCCCCCCCCCCCCCCCCCCCCCCCCCCCCCCCCCCCCC,0.05326173790471383,4.324545722495754,1st_iter
C1CCNNCN1CNNCNNNNNNNNNNNNNNNNNNNNNNNNNNNNNNNNNNNNNNNNNNNNNNNNNNNNNNNNNNNNNNNNNNNNNNNNNNNNNNNNNNNNNNNNNNNNNNNNNNNNNNNNNNN,0.011635093547253192,7.164688803385283,1st_iter
SSSSSSS N((S)NS(S(((()SS(c((((22##),0.4210212852758908,5.409990388143512,1st_iter
CN(NO)F,0.3349498248698684,3.997733277393259,1st_iter
CCCCCCCCCCCCCCCCCCCCCCCCCCCCCCCCCCCCCCCCNCNCNCNCNCNCNCNCNCNCNCNCNCNCNCNCNCNNNNNNNNNNNNNNNNNNNNNNNNNNNNNNNNNNNCNCNCNCNCNC,0.015272376238896246,6.611498990596387,1st_iter
C-OOO,0.34526239913364815,3.10315381569875,1st_iter
I#N,0.45937666085986056,4.84239868818016,1st_iter
CCC      CCCCCCCCCCCCCCCCCCCCCCCCCCCCCCCOOOOOCCCCCCCCCCCCCCCCCCCCCCCCCCCCC,0.3854706587740357,1.7549570386349824,1st_iter
CCO    ======(===O(===11(==((1(=1==1((===1((O(=O((===O((==((=((O((O((O((1((O((O((=((O((O((O((1((O((O((=((O((O((=(((((O((,0.4068079656553945,1.9802570386349831,1st_iter
CC     C1CC(C1C((222c3(((ccccccc3)4,0.3727855551576051,2.7475679189493913,1st_iter
NIN,0.36812809228638566,6.861926269404214,1st_iter
COc1ccccccccccc1C(=O)CCCCCCCCCCC(CCCCC)C,0.20541322982495977,3.894848320840076,1st_iter
CN(CC1)CCCNCCCCCCCCCCCCC1,0.6777376888335115,2.3028567666075954,1st_iter
CCSF,0.4609283321514007,3.7315538156987493,1st_iter
OOOO,0.330664254445083,3.4558461233910576,1st_iter
B-F,0.3157395144418049,5.25302945741093,1st_iter
CCC                                                       \\\\\\\\\\\\\\\\\\\\\\\\\\\\\\\\\\\\\\\\\\\\\\\\\\\\\\\\\\\\\\,0.3854706587740357,1.7549570386349824,1st_iter
SCCCCCCCCCCCCCSSSSSSSSSSSSSCCCCCCCCCCCCCCCC,0.035354895173532616,3.298142597447,1st_iter
COOOO     \\\\\\\\\\\\\\\\\\\\\\\\\\\\\\\\\\\\\\\\\\\\\\\\\\\\\\\\\\\\\\\\\\\\\\\\\\\\\\\\\\\\\\\\\\\\\\\\\\\\\\\\\\\\\\,0.37343198599961924,3.7664153645368845,1st_iter
CCCI,0.41556979929969723,2.7767538156987506,1st_iter
CN   ccccccccccccccccccccccccc((((((((\\\\\\\\\\\\\\\\\\\\\\\\\\\\\\\\\\\\\\\\\\\\\\\\\\\\\\\\\\\\\\\\\\\\\\\\\\\\\\\\\\,0.3846582089034356,2.995875611257084,1st_iter
Cn1cccccc1NNNNNNNNCNNCCNN,0.06394234869004857,4.9654855823882995,1st_iter
CC     1111((C((((((((((((((((((((((((((((((((((((((((((((((((((((((((((((((((((((((((((((((((((((((((((((((((((((((((((,0.3727855551576051,2.7475679189493913,1st_iter
OOOOO,0.35669731200460103,4.001310039093097,1st_iter
CC=C,0.3570688167166915,3.006787807865753,1st_iter
CCCCCCCCCCCCCNCNCCNNCCCCNNNCNCNNCCCCCCNNNNNCNNNNNCNCNCNNNNNNNNCNNNNNNNNNNNNNNNNNNNNNNNNNNNNNNNNNNNNNNNNNNNNNNNNNNNNNNNNN,0.011635093543776552,7.736994013681827,1st_iter
CSNNNNNN,0.11067521884909932,5.164441197447785,1st_iter
CCNN                                          CCCCCCCCCC(((((((((((((((((C(((C((((((C(((C((C(((C(((C((C(((C((((((C(((C((,0.31514839256535404,2.85912304646798,1st_iter
CC          ]  CCCCC    22)),0.3727855551576051,2.7475679189493913,1st_iter
CONF,0.3432816442389939,3.890446123391058,1st_iter
C                                                                               ========================================,0.3597849378839701,7.3284153846153846,1st_iter
CSS1SS1 (((((c((((((((((((((((((((((((((())))))))))))))))))))))))))))))))))))))))))))))))))))))))))))))))))))))))))))))),0.3412464742264305,6.392721873412624,1st_iter
C      =1122111111111111111111111111NNNNNNNNNNNNNNNNNNNNNNNNNNNNNNNNNNNNNNNNNNNNNNNNNNNNNNNNNNNNNNNNNNNNNNNNNNNNNNNNNNNN,0.3597849378839701,7.3284153846153846,1st_iter
FSS,0.3421419193527717,4.9313108847888305,1st_iter
Cl                                                                                                CCCCCCCCC(((((((((((((,0.36516432379389474,6.251046153846153,1st_iter
C  NCCCCCCCCCCCCCCCCCCCCCCCCCCCCCCCCCCCCCCCCCCCCCCCCCCCCCCCCCCCCCCCCCCCCCCCCCC)CCC)CCC)CCCCCCCCCCCCCCCCCCCCCCCCCCCCCCCCC,0.3597849378839701,7.3284153846153846,1st_iter
III    @@@@@@]1C(C(OO((((O(((CO(((((((((((O((((O(((((((O((((C((O((((C(((((((O(((((O(O(((((((O(((((O((((O((((O(((((O((((O,0.5653207107163764,7.413003192481137,1st_iter
OO                                      \\\\\////\\\\\\\\\\\\\\\\\\\c//\\\\\\\\\\\\\\\\\\\\\\\\\\\\\\\\\\\\\\\\\\\\\\\\\,0.2924874734103591,3.072537149718623,1st_iter
C/S  ///((((((((((((((((((((((((((((((((((((((((((((((((((((((((((((((((((((((((((((((((((((((((((((((((((((((((((((((((,0.37947717275669157,4.445429457410929,1st_iter
C @,0.3597849378839701,7.3284153846153846,1st_iter
COOOOOO                                                                           OOOOOOOOOOOOOOOOOOOOOOOOOOOccccccccccc,0.309175052351369,4.101186339560517,1st_iter
CN(C)CCC,0.4845702325749548,1.9058659329015466,1st_iter
SSSSSSSSSSSSSSSSSSSSS,0.08029537814339024,4.807266304003507,1st_iter
CC CCCN(22                                                                  ============================================,0.3727855551576051,2.7475679189493913,1st_iter
NNNNNN,0.12476793016016105,4.715257471363085,1st_iter
BrI,0.5301131497229105,4.7821679189493915,1st_iter
SF,0.38704918484352857,4.743583303564777,1st_iter
O=SS,0.3049470896987591,7.049195500173445,1st_iter
CC F=C)))))))))))))))))))))))))))))))))))))))))))))))))))))))))))))))))))),0.3727855551576051,2.7475679189493913,1st_iter
CC(C)(CCC(CO)CC(=O)NCC(=O)Cl)Cl,0.5260262542467716,3.548218603808867,1st_iter
CC   nnnnNNNNNNNNNNNNNNNNNNNNNNNNNNNNNNNNNNNNNNNNNNNNNNNNNNNNNNNNNNNNNNNNNNNNNNNNNNNNNNNNNNNNNNNNNNNNNNNNNNNNNNNNNNNNNNN,0.3727855551576051,2.7475679189493913,1st_iter
CCNOOOOOOO,0.294493844231116,4.307671564477713,1st_iter
C        (((((((((((((((((((((((((((((((((((((((((((((((((((((((((((((((((((((((((((((((((((((((((((((((((((((((((((((((,0.3597849378839701,7.3284153846153846,1st_iter
CIOII,0.49817758625004455,7.742594062761735,1st_iter
CCNNCCCCCCCCCCCCCCCCCCCCCCCCCCCCCCCCCCCCCCCCCCCCCCCCCCCCCCCCCCCCCCCCCCCCCCCCCCCCCCCCCCCCCCCCCCCCCCCCCCCCCCCCCCCCCCCCCCCC,0.04684648027833533,4.08091785872771,1st_iter
C1CCCCCC1CCCCCCCCCCCCCCCCCCCCCCCCCCCCCCCCCCCCCCCCCCCCCCCCCCCCCCCCCCCCCCCCCCCCCCCCCCCCCCC3CCCCCCCCC3CC3CCCCCCCCC3CC3CC3CC,0.042056925419189414,5.95291287285353,1st_iter
CSCSS,0.3407153378059658,4.659939624891914,1st_iter
F        ((((((())((((((())((()((())(((((((()(((((((((((((((((((((((((((((((((((((((((((((((((((((((((((((((((((((((((((,0.35079494417635715,6.635276923076923,1st_iter
FO,0.39616523377945195,3.5133525343340075,1st_iter
FF                                    F,0.37418213642632686,3.967275611257083,1st_iter
C l,0.3597849378839701,7.3284153846153846,1st_iter
SS  \\\\,0.30254618487901463,5.116737149718623,1st_iter
COF,0.38867716365784,3.1311724232503675,1st_iter
CCOOOOO,0.31995340516953136,3.745340185714362,1st_iter
ISII\III,0.2889682607486706,7.305963564829842,1st_iter
CCCCCCNCCCCCCCCCCCCCCCCCCCCCCCCCCCCCCCCCCCOCOCCCCCOCOCOCOCOCOCOOOOOOOOOOOOOOOOOOOOOOOOOOOOOOOOOOOOOOOOOOOOOOOOOOOOOOOOOO,0.02470684254027631,6.337653143593235,1st_iter
C1CCCCCC11NCC11CC1CCCCCCCCCCCCCCCCCCCCCCCCCCCCCCCCCCCCCCCCCCCCCCCCCCCCCCCCCCCCCCCCCCCCCCCCCCCCCCCCCCCCCCCCCCCCCCCCCCCCCC,0.05986797195797559,5.793536506745185,1st_iter
CCC           ///////////////////////////////////////////////////////////////////(/(/(/(((((((((((((((((((((((((((((((((,0.3854706587740357,1.7549570386349824,1st_iter
CCCCCCCCCCCCCCCCCCCCC,0.22251819493515618,1.0601724830703425,1st_iter
C                  )))))( ),0.3597849378839701,7.3284153846153846,1st_iter
CCCNNNNNNNNNNNNNNNNNNNNNNCCCCCCCCCCNNNNNNNNNNNNNNNNNNNNNNNNNNNNNNNNNNNNNNNNNNNNNNNNNNNNNNNNNNNNNNNNNNNNNNNNNNNNNNNNNNNNN,0.015272340202367,7.912148282056323,1st_iter
C   ---[[[@H]]]-------],0.3597849378839701,7.3284153846153846,1st_iter
Cc1c(c(nc(nnc1C(=O)N)O))c2ccc(cc2CF),0.8851857689826693,3.4935364586284567,1st_iter
COOOIII,0.2870046110152434,6.451541805147561,1st_iter
CC CCCNNNHHHHHHH,0.3727855551576051,2.7475679189493913,1st_iter
CCOOOOOOOOO                                                                                                   [[[[OOOOOO,0.30992587464928656,4.207193884684328,1st_iter
CCCC CCC(N=(((111122222222222222222222222nnn1=====O=n2n1n121n1n1=N=N==1=12n1n1n1=1=1=N=N1N1N1n1n111111N1N1N11111111n1n11,0.4310243576713092,1.605723046467979,1st_iter
CC  @     3333,0.3727855551576051,2.7475679189493913,1st_iter
CC                                                                       ///////////////////////////////////////////////,0.3727855551576051,2.7475679189493913,1st_iter
CC          ////,0.3727855551576051,2.7475679189493913,1st_iter
CCC     NNNN](SSS1)OOO)))=OO,0.3854706587740357,1.7549570386349824,1st_iter
Br  C@]]]1(12nn,0.39965578527120305,6.963984615384615,1st_iter
FC,0.3673293108901918,3.669121765103238,1st_iter
CCc2ccc2,0.45090137686399023,2.9849122790553917,1st_iter
CC             OOOOOOOOOOOOOOOOOOOOOOOOOO=========O====OO=====O=====O===================================================,0.3727855551576051,2.7475679189493913,1st_iter
C  ===111111111111111111111111111111111111111111111111111111111111111111111111111111111111111111111111111111111111111111,0.3597849378839701,7.3284153846153846,1st_iter
CC(C)CNCCNCNNNNNNNNNNNNNNNNNNNNNNNNNNNNNNNNNNNNNNNNNNNNNNNNNNNNNNNNNNNNNNNNNNNNNNNNNNNNNNNNNNNNNNNNNNNNNNNNNNNNNNNNNNNNN,0.011635093546565316,6.1406417980872146,1st_iter
CNN     //    //cccccccccccccccccccccccccccccccccccccccccccccccccccccccccccccccccccccccccccccccccccccccccccccccccccccccc,0.27331503611697344,2.9731878078657523,1st_iter
BII,0.44513243543438513,7.754080115558061,1st_iter
IIII,0.4771790395976942,6.230393156685966,1st_iter
BBBBr,0.3710601107188174,7.380015354160289,1st_iter
CCCCCCCCCCCCCCC,0.3429502160022288,1.1082036891143652,1st_iter
CCSNNNNNNNNNNNNNNNNNNNII,0.019283704434840336,6.080751960579616,1st_iter
ICI,0.46398027064292247,4.203718577096522,1st_iter
C  #CCC(((((((((((((((((((((((((((((((((((((((((((((((((((((((((((((((((((((((((((((((((((((((((((((((((((((((((((((((((,0.3597849378839701,7.3284153846153846,1st_iter
F                                                             ==========================================================,0.35079494417635715,6.635276923076923,1st_iter
C           =========1==============nnnnnnnnnnnnnnnnnnnnnnnnnnnnnnn1111111111111111111111111111111111111================,0.3597849378839701,7.3284153846153846,1st_iter
C                  @@,0.3597849378839701,7.3284153846153846,1st_iter
CCCCCC COCCCCC@@@@2222CCC222222CCC@@22CCCC@@22CCCC@2]2CCCC@222CCC@@22OCCC@@]2CCC@@2]2CCC@@22OCCC@@]2OCCC@@]2OCCC@@]2OCC@,0.4629542813199688,1.2090305482861616,1st_iter
CCN     (===((((((())))NNN)))))))NNNNNNNNNNNNNN))))))))))))))))))))))))))))))))))))))))))))))))))))))))))))))))))))))))),0.4062370953898832,2.174195500173445,1st_iter
ClNNN,0.21803807162698952,4.312323046467981,1st_iter
I/I,0.5776074734119597,4.771321765103238,1st_iter
I )NNNNNN)N(((O)(2)(22ccnn3),0.4191265240259666,7.084584615384616,1st_iter
CC                                                                          OO                          O,0.3727855551576051,2.7475679189493913,1st_iter
C  CC===O11(111111===(1111(((1111HHSSS1111(((((11SSSSS11111(((11SSSSSH1111111111SSSSHHS111111111SSSSHHH1111111111SSSHHHS,0.3597849378839701,7.3284153846153846,1st_iter
COOO            \\\\\\\\\\\\\\\\\\\\\\\OOOOOOOOOOOOOOOOOOOOOOOOOOOOOOOOOOOOOOOOOOOOOOOOOOOOOOOOOOOOOOOOOOOOOOOOOOOOOOOOO,0.34526239913364815,3.10315381569875,1st_iter
CCNNc1ccsc1NC(CCCCCC)N(C)C,0.3284737830193471,3.5875444157613465,1st_iter
CS     =O)##=O)(OO)))F22)##N),0.37947717275669157,4.445429457410929,1st_iter
OOOOOO                              cccccccccccccccccccccccccccccccccccccccccccccccccccccccccccccccccccccccccccccccccccc,0.28749829677433963,4.022049779055392,1st_iter
CSCSSSS,0.31268188064092395,4.921745853730556,1st_iter
CCC(=O)CCCCCCCCCCCCCCCCCCCCCCCCCCCCCCCCCCCCCCCCCCCCCCCCCCCCCCCCCCCCCCCCCCCCCCCCCCCCCCCCCCCCCCCCCCCCCCCCCCCCCCCCCCCCCCCCC,0.0554876318303934,3.9681638031565596,1st_iter
BBC,0.30439857478364885,6.4676801155580605,1st_iter
COOII,0.43747561454888545,6.0745585598031555,1st_iter
c1cccccc(c1CC(=O)CCCCC(CCCc2ccccc2)CC)F,0.3438805596980242,3.3548901027615097,1st_iter
CCCCC         =========NN===cccccccccccccccccccccccccccccccccccccccccccccccccccccccccccccccccccccccccccccccccccccccccccc,0.4687855098011332,1.699621281696647,1st_iter
C -],0.3597849378839701,7.3284153846153846,1st_iter
CCNNNSSSN,0.20751438919970924,5.195399084148634,1st_iter
SCS,0.31196529094534897,4.112103192481137,1st_iter
CCOC(CO)CCCCCCCCCCCCCCCCCCCCCCCCCCCCCCCCCCCCCCCCCCCCCCCCCCCCCCCCCCCCCCCCCCCCCCCCCCCCCCCCCCCCCCCCCCCCCCCCCCCCCCCCCCCCCCCC,0.06152013637617495,4.625287448378182,1st_iter
IINNN,0.2894145757338703,6.471634299448127,1st_iter
Cc1c(cc(cnn1NCC(C)C(C))CCCCCCCCCCCC=O)C,0.2403867246691106,3.889410712953005,1st_iter
CCCCCCSSSCCC,0.39916502067688503,2.7926284392358927,1st_iter
BBBBB,0.2874475947185151,7.8054129976729785,1st_iter
C                    (((((((((((((((((((((((((((((((((((((((((((((((((((((((((((((((((((((((((((((((((((((((((((((((((((,0.3597849378839701,7.3284153846153846,1st_iter
c1cc(c1)N,0.43570326538312526,2.888205305365286,1st_iter
N I,0.3975550616040572,6.667815384615385,1st_iter
COOC(=O)Oc1cc(c1)N[C@@H]CCCC,0.3125034381796726,3.8668918319916896,1st_iter
CF     +++++nF,0.3673293108901918,3.669121765103238,1st_iter
BBBF,0.3107614580407467,7.443969200314133,1st_iter
CCCCCCCNN,0.32402644472138253,2.1259781610717106,1st_iter
COC(=O)CCCCCCCCCCCCCCCCCCCCCCCCCCCCCCCCCCCCCCCCCCCCCCCCCCCCCCCCCCCCCCCCCCCCCCCCCCCCCCCCCCCCCCCCCCCCCCCCCCCCCCCCCCCCCCCCC,0.04481135746248354,4.018203841848054,1st_iter
CCOO                                                           +++++++++++++++++++++++++O\\\\\\OOOO\\\\\\\\\\\\\\\\\\\\\,0.35368629093854076,2.739076892621826,1st_iter
OBBB,0.32089584597548365,7.427046123391056,1st_iter
C                                     3333333333333333333333333333333333333333333333333333333333333333333333333333333333,0.3597849378839701,7.3284153846153846,1st_iter
CCCCC      CCCCCC2CCl),0.4687855098011332,1.699621281696647,1st_iter
CN                                                         SSSSSSSSSSSSSSSSSSSSSSSSSSSSSSSSSSSSSSSSSSSSSSSSSSSSSSSSSSSSS,0.3846582089034356,2.995875611257084,1st_iter
CO           ccc1))CC=)CCC2223(((,0.38528440447384316,2.701044842026315,1st_iter
CCc1cc(ccc1S(=O)CCC(=O)F)F,0.7474360159992443,3.4036332993982814,1st_iter
COO                       /////\\\\\\\\\\\\\\\\\\\\\\\\\\\\\\\\\\\\\\\\\\\\\\\\\\\\\\\\\\\\\\\\\\\\\\\\\\\\\\\\\\\\\\\\\,0.31061534304923694,2.826418577096522,1st_iter
SSSSSSSSSSSSSS,0.17575925991540378,4.967328117121461,1st_iter
CBBr,0.4008272955548708,5.930449346327291,1st_iter
CCC                CCCCCCCCCCCCCCCCCCCCCCCCCCCCCCCCCCCCCCCCCCCCNCNCNCNCNCNCNCNCNCNCNCNCNCNCNCNCNCNCNCNCNCNCNCNCNCNCNCNCN,0.3854706587740357,1.7549570386349824,1st_iter
F/F,0.37418213642632686,3.967275611257083,1st_iter
BBBI,0.3320018577829721,7.645169200314134,1st_iter
CCCCCCCCCCCCC            /CCC               ///////,0.4031688486987215,1.144365108313803,1st_iter
SCC,0.39650349079173225,2.8183185770965213,1st_iter
CIN,0.3044983865671033,6.686587807865752,1st_iter
COBI,0.4065026386437554,5.6760307387756725,1st_iter
OC,0.38528440447384316,2.701044842026315,1st_iter
CNCC,0.4555245536226073,2.3143692003141343,1st_iter
FB,0.3157395144418049,5.25302945741093,1st_iter
SSN,0.2512215738128813,4.86981088478883,1st_iter
FF  \\,0.37418213642632686,3.967275611257083,1st_iter
C#CO,0.376646863153411,4.429341654019599,1st_iter
B/S,0.2747680501399689,6.029337149718622,1st_iter
CCCCS,0.49025297206668045,2.6293372580280074,1st_iter
CCCCCCCCCCSCCCCCCCCCCCCCCCCCCCC,0.10585060117683492,1.6769341621666936,1st_iter
III                              IIIIII//////\\\\\\\\\\\////////////////////////////////////////////////////////////////,0.5653207107163764,7.413003192481137,1st_iter
BCBF,0.3499645120890542,6.543999969544903,1st_iter
CCNCCCCCCC1CCC1C1CCC1C1CCC1CCCCC1CCCCC1CCCCC1CCCCC1CCCCC1CCCCCCCCCCCCCCCCCCCCCCCCCCCCCCCCCCCCCCCCCCCCCCCCCCCCCCCCCC1CCCC,0.07701438321868508,6.374453061048237,1st_iter
OS,0.3004690309968383,4.692814072795545,1st_iter
CC #######NNNN(((#####################################################################################################((,0.3727855551576051,2.7475679189493913,1st_iter
CNCCCCCNNCCCCCCCCCCCNCCNCCNCCNCCNNCNNCNNCNNCNNCNNCNNNNNNNNNNNNNNNNNNNNNNNNNNNNNNNNNNNNNNNNNNNNNNNNNNNNNNNNNNNNNNNNNNNNNN,0.011635093542567407,7.597747033266175,1st_iter
CCNOOOO,0.29877191299309164,4.01044301972246,1st_iter
CC C((((())((())((()((())((()(((()((((((((((((((((((((((((((((((((((((((((((((((((((((((((((((((((((((((((((((((((((((((,0.3727855551576051,2.7475679189493913,1st_iter
COC,0.3800398096193344,1.9568570386349844,1st_iter
CCCCCN,0.5130177383287362,1.610119009824622,1st_iter
CCC                        OOOOOOOOOOOOOOOOOOOOOOOOO)\\\))))))))))))))))))))))))))))))))))\)))\)))\))\\))\)))\)))O)))\)),0.3854706587740357,1.7549570386349824,1st_iter
S               ##IIIIIII####       II##################################################################################,0.35641978822956905,6.963984615384615,1st_iter
I\II,0.5653207107163764,7.413003192481137,1st_iter
CCCn2cccc2,0.5462755595575033,2.24810899921124,1st_iter
COC(=O)CNCCCNNCCCCCCCCCCCCCCCCCCCCCCCCCCCCCCCCCCCCCCCCCCCCCCCCCCCCCCCCCCCCCCCCCCCCCCCCCCCCCCCCCCCCCCCCCCCCCCCCCCCCCCCCCC,0.032180762265801056,4.383082457839771,1st_iter
CNNC,0.3924805671501935,3.175661508006443,1st_iter
CCSSF,0.5024745037296947,4.407407080513215,1st_iter
COSSO  /////////////////////////////////////////////////////////////////////////////////////////////////////////////////,0.43167754828282345,5.033359743235109,1st_iter
CC //,0.3727855551576051,2.7475679189493913,1st_iter
CCC CCCO1CC=1=O)O(O(c2c2c(cccO)OOOO=O=O====O=====)(==OOOOOOOOcccccccOOOOOOOOOOO===OOO=====O===OOOOOOOOOOOOOOOOOOOOO=====,0.3854706587740357,1.7549570386349824,1st_iter
CC    \\O(=OOO\\\\\\\\\\\\\\\\\\\\\\\\\\\\\\\\\\\2222222222222222222OOOOOOOOOOOOOOOOOOOOOOOOOOOOOOOOOOOOOOOOOOOOOOOOOOOO,0.3727855551576051,2.7475679189493913,1st_iter
COCC,0.43150099805807374,1.9457076618525946,1st_iter
IOICOO      Ccccccccccccccccc,0.28122264696960986,6.246858432901545,1st_iter
IOOI,0.41421817426329965,5.491076892621827,1st_iter
CC/C,0.3854706587740357,1.7549570386349824,1st_iter
CCCCCCCCSCCCSCCCCSCCCCCSCCSCCSCCSCCSCCSSCSSCSSCSSCSSCSSCSSCSSCCSCCSSCSCCSSCSSCSSSSSSSSSSSSSSSSSSSSSSSSSSSSSSSSSSSSSSSSSS,0.026559653538853797,7.236113124841993,1st_iter
CC                                                          C CCCCCCCCCCCCCCCCCCCCCCCCCCCCCCCCCCCCCCCCCCCCCCCCCCCCCCCCCC,0.3727855551576051,2.7475679189493913,1st_iter
CCCNCNNNNNNNNNNNNNNNNNNNCNCCCCCCCCCCCCCCCCCCCCCCCCCCCCCCCCCCCCCCCCCCCCCCCCCCCCCCCCCCCCCCCCCCCCCCCCCCCCCCCCCCCCCCCCCCCCCC,0.015351100928928933,4.982250168391353,1st_iter
C  ((=(()((()())((((()))))((((((((((((((((((((((((((((((((((((((((((((((((((((((((((((((((((((((((((((((((((((((((((((((,0.3597849378839701,7.3284153846153846,1st_iter
F       / (SS((SSSSSSSSS((((((((((((((((((((((c(c(c(c(c(c(((((((((((((((((((((((((((((((((((((((((((((((((((((((((((((((,0.35079494417635715,6.635276923076923,1st_iter
CCC(=O)CCCCCCCCCCCCCCCCCCCCCCCCCCCCCCCCCCCCCCCCCCCCCCCCCNCCNCCCCCCCCCCCCCCCCCCCCCCCCCCCCCCCCCCNCCNCCCCCCCCCCCCCCCCCCCCCC,0.04572467225672511,4.2822984489913125,1st_iter
C \,0.3597849378839701,7.3284153846153846,1st_iter
C ++++++,0.3597849378839701,7.3284153846153846,1st_iter
C/F,0.3673293108901918,3.669121765103238,1st_iter
CN               SSSSSSSSSSSSSSSSSSSSSSSSSSSSSSSSSSSSSSSSSSSSSSSSSSSSSSSSSSSSSSSSSSSSSSSSSSSSSSSSSSSSSSSSSSSSSS@@@@@@@@@,0.3846582089034356,2.995875611257084,1st_iter
NII,0.5140679897490393,7.137464730942676,1st_iter
SI                      \\\S\NNNNNNNNNNNNNNNNNNNNNNNNNNN((((((((((((((((((((((((((((((((((((((((((((((((((((((((((((((((,0.39990453847960017,5.347183303564776,1st_iter
CCNCC,0.5048540523547576,2.144711222525048,1st_iter
c1cc(c1)CCCCCCCCCCCCCCCCCCCCCCCCCCCCCCCCCCCCCCCCCCCCCCCCCCCCCCCCCCCCCCCCCCCCCCCCCCCCCCCCNNNNNNNNNNNNNNNNNNNNNNNNNNNNNNNN,0.015272894256934936,5.451989546865407,1st_iter
CCCCI,0.4555087439221296,2.674198796489547,1st_iter
COOO                                            IOOOOOOOOOOOOOOOOOOOOOOOOOOOOOOOO[[[[2cc1[[[cccccccccccccccccccccccccccc,0.34526239913364815,3.10315381569875,1st_iter
CC //CC===O2222222222222222222222222222222222222222222222222222222222222222222222222222222222222222222222222222222222222,0.3727855551576051,2.7475679189493913,1st_iter
CCC(F),0.429990770687244,2.5810153541602876,1st_iter
SNSS,0.26542947727782007,5.776784584929519,1st_iter
Cc1cc(n(nn1)NC(=O)CC)(F)F,0.6944133624802038,4.138256053467606,1st_iter
CN     ===\(((==O((((((((((22(OO) )))O))OO,0.3846582089034356,2.995875611257084,1st_iter
SSSSSSSSSSSSSSSSSSSSSSSSSSSSSSSSSSSSSSSSSSSSSSSSSSSSSSSSSSSSSSSSSSSSSSSSSSSSSSSSSSSSSSSSSSSSSSSSSSSSSSSSSSSSSSSSSSSSSSS,0.03369222168521908,7.037966826510014,1st_iter
CII,0.46365138308252646,6.962126269404214,1st_iter
CNNNNNNNNNNNNN,0.08843811009346395,5.345198528047254,1st_iter
COCOO,0.28856775605146157,3.404008263945167,1st_iter
C    ==    C C(FF)n))))))),0.3597849378839701,7.3284153846153846,1st_iter
FBBF,0.360287521815929,7.284153815698749,1st_iter
BrBr                                                                                                                   (,0.5050781538986456,4.3898602266417,1st_iter
CCNNNN,0.19296788768085676,4.0452593944400075,1st_iter
C#C,0.3329262983047797,4.780644842026316,1st_iter
IOOO,0.3636656838731868,4.473461508006442,1st_iter
CC                                                                                                             @ @@@@@@@,0.3727855551576051,2.7475679189493913,1st_iter
CNC(=O)c1cnc(n(n1))c2cccc(c2)F,0.8394854907005106,2.274496389532864,1st_iter
F         ((33(33333=((,0.35079494417635715,6.635276923076923,1st_iter
[HH],0.34622443351967325,7.745184615384615,1st_iter
CC                                       ] ]]]] ],0.3727855551576051,2.7475679189493913,1st_iter
CCNNNNN,0.16210942660847705,4.3692624529208395,1st_iter
CNNNNNSS,0.09772858220880007,5.561139798846388,1st_iter
C ((((((((((((((((((((((((((((((((((((((((((((((((((((((((((((((((((((((((((((((((((((((((((((((((((((((((((((((((((((((,0.3597849378839701,7.3284153846153846,1st_iter
C                                                                                                           ]]]]]]]]]]]],0.3597849378839701,7.3284153846153846,1st_iter
CCOCCOCCCCCCCCCCCCCCCCCCCCCCCCCCCCCCCCCCCCCCCCCCCCCCCCCCCCCCCCCCCCCCCCCCCCCCCCCCCCCCCCCCCCCCCCCCCCCCCCCCCCCCCCCCCCCCCCCC,0.05652463919913741,4.072379871919011,1st_iter
C        (((((()((((((((((((((((((((((((((((((((((((((((((((((((((((((((((((((((((((((((((((((((((((((((((((((((((((((((,0.3597849378839701,7.3284153846153846,1st_iter
CCCC   O=OO]]22222222222222222222222222222222222222222222222222222222222222222222222222222222222222222222222222222222222,0.4310243576713092,1.605723046467979,1st_iter
CCCCC                   @@@@@@@@((((((((((((((((((((((((((((((((((((((((((((((((((((((((((((((((((((((((((((((((((((((((,0.4687855098011332,1.699621281696647,1st_iter
CC nn112((((((((((((((((((((((((((((((((((((((((((((((((((((((((((((((((((((((((((((((==================================,0.3727855551576051,2.7475679189493913,1st_iter
CNNN-N,0.22879840958882924,4.460416547968837,1st_iter
C#S,0.3773383651270701,5.513152534334006,1st_iter
CCNNNCCNNCNNNCCNNCCCCCCCCCCCCCCCCCCCCCCCCCCCCCCCCCCCCCCCCCCCCCCCCCCCCCCCCCCCCCCCCCCCCCCCCCCCCCCCCCCCCCCCCCCCCCCCCCCCCCCC,0.016381469666181748,4.712037479092173,1st_iter
CNc1ccccccc1S(=O)NCCc2ccoc2,0.8441717723778385,4.2012750997325465,1st_iter
COOF,0.32653383391316937,3.675769200314134,1st_iter
C1CCCC1,0.40836192922302755,1.0,1st_iter
C#N,0.3697970178104732,4.025844842026315,1st_iter
CCNNCNNNNNNNCCCCNNNNNNNNNNNNNNNNNNNNNNNNNNNNNNNNNNNNNNNNNNNNNNNNNNNNNNNNNNNNNNNNNNNNNNNNNNNNNNNNNNNNNNNNNNNNNNNNNNNNNNNN,0.011635093530581111,6.547956222642732,1st_iter
COOOOOOOO,0.3085069550533225,4.289882776456327,1st_iter
CCCOOOOO,0.3315217619827286,3.524118819825409,1st_iter
COOSO,0.3115520834739838,4.324074536134518,1st_iter
CCOO                                                                                                               CCCCC,0.35368629093854076,2.739076892621826,1st_iter
CSSII,0.562637937467741,6.439255601223274,1st_iter
I  /,0.4191265240259666,7.084584615384616,1st_iter
CNNF,0.31986632239531865,4.153230738775673,1st_iter
CCONN,0.34086154001252567,3.4948603349510856,1st_iter
CCII,0.5104803501355016,5.8698615080064425,1st_iter
C1cc1,0.35273702798343604,2.621528467206412,1st_iter
COOOO,0.37343198599961924,3.7664153645368845,1st_iter
CC                                                                                        --CC---CCCCCCCCCCCCCCCCCCCCCCC,0.3727855551576051,2.7475679189493913,1st_iter
CCl  #      @@@#######N1NNNNNNNNNNNNNNNNNNNNNNNNNNNNNNNNNNNNNNNCNNNC1NNC1NNC1NNC1NNC1NNC1NNC1NNC1NNC1NNC1NNC1NNC1NNC1NNC,0.3573626606013345,3.0453986881801605,1st_iter
CSI,0.5033260757108574,4.2174493463272915,1st_iter
SIIIII,0.2642704596985501,7.881279016429897,1st_iter
Cc1cnc1NNC(=O)NCCCC,0.46367415899223996,2.9658178637986463,1st_iter
C SSSSSSSSSSSSSSSSSSSSSSSSSSSSSSSSSSSSSSSSSSSSSSSSSSSSSSSSSSSSSSSSSSSSSSSSSSSSSSSSSSSSSSSSSSSSSSSSSSSSSSSSSSSSSSSSSSSSSS,0.3597849378839701,7.3284153846153846,1st_iter
CSSS,0.40585328303793,4.504015354160288,1st_iter
COI\I,0.6652497728587985,5.91795381569875,1st_iter
CCOC,0.43150099805807374,1.9457076618525946,1st_iter
NC,0.3846582089034356,2.995875611257084,1st_iter
B[H],0.28793822605730385,8.479573080261886,1st_iter
COOO      / /\\\\\\//////////////////c/c/c/c/c/c/c/c/c/c/c/c/c/c/c/c/c/c/c/c/c/c/c/c/c/c/c/c/c/c/c/c/c/c/c/c/c/c/c/c/c/c,0.34526239913364815,3.10315381569875,1st_iter
C )CCC)CCC)))))))2H)C)C(((c(c(c(c(c))),0.3597849378839701,7.3284153846153846,1st_iter
C            ))))))))))))))))))))))))))))))))))))C)))C)))C)))C)))C)))C)))C)))#)))#)))#)))#)))#)))#)))#)))#)))#))##))##)),0.3597849378839701,7.3284153846153846,1st_iter
COOC,0.3187444544547158,2.750461508006442,1st_iter
CCNCCNCCNNCNCCNCNNCNCNNCNCNNCNCNNCNCNNCNCCNCNCCNCNCCNCCCCNCCCCNCCCCCCCNCCCCNCCNCCCCCCCCCCCCCCCCCCCCCCCCCCCCCCCCCCCCCCCCC,0.017005250757633053,5.541516566874858,1st_iter
CC#CCCCCCCCCCCCCCCCCCCCCCCCCCCCCCCCCCCCCCCCCCCCCCCCCCCCCCCCCCCCCCCCCCCCCCCCCCCCCCCCCCCCCCCCCCCCCCCCCCCCCCCCCCCCCCCCCCCCC,0.04205692265986247,4.033096730863758,1st_iter
C #,0.3597849378839701,7.3284153846153846,1st_iter
CC                                                                               = = = = = = = = = = = = = = = = = = = =,0.3727855551576051,2.7475679189493913,1st_iter
BrF,0.4284434113594347,4.178567918949392,1st_iter
COc1ccccccccccccccccccccccccccccccccccccccccccccccccccccccccccccccccccccccccccccccccccccccccccccccccccccccccccccccccccc1,0.2542589234896275,5.957771471668702,1st_iter
SCCCNCl,0.32656969644198536,3.8287920867476988,1st_iter
C                                                                                                        ( ( ( ( ( ( ( (,0.3597849378839701,7.3284153846153846,1st_iter
CN\NN         ++++\\\\\\\\\\\\\\\\\\\\\\\\\\\\\\\\\\\\\\\\\\\\\\\\\\\\\\\\\\\\\\\\\\\\\\\\\\\\\\\\\\\\\\\\\\\\\\\\\\\\\\,0.25756743330556875,3.547599969544903,1st_iter
C                  /////,0.3597849378839701,7.3284153846153846,1st_iter
CCNCCNNCCNNCCCCCCCCCNCCCCNCCCNCCCCCCCCCCCCCCCCCCCCCCCCCCCCCCCCCCCCCCCCCCCCCCCCCCCCCCCCCCCCCCCCCCCCCCCCCCCCCCCCCCCCCCCCCC,0.02255108558788603,4.471098900664665,1st_iter
BBBBBr,0.3767544912851651,7.743531340868245,1st_iter
CCCCCCCNCCCCCCNNNNNNNNNNNNNNNNNNNNNCCCCCCCCCCCCCCCCCCCCCCCCCCCCCCCCCCCCCCCCCCCCCCCCCCCCCCCCCCCCCCCCCCCCCCCCCCCCCCCCCCCCC,0.01992897724581393,4.883328342363687,1st_iter
CCl         ==OO((()((((((((((((((((((((((((((((((((((((((((((((((((((((((((((((((((((((((((((((((((((((((((((((((((((((,0.3573626606013345,3.0453986881801605,1st_iter
Cc1ccccc(cc1)CCCCCc2ccccc2,0.570525381613399,2.558646695000302,1st_iter
CN                                  ########              ((((((3,0.3846582089034356,2.995875611257084,1st_iter
CCCC(CO)CCCOCCCCCCCCCCCCCCCCCCCCCCCCCCCCCCCCCCCCCCCCCCCCCCCCCCCCCCCCCCCCCCCCCCCCCCCCCCCCCCCCCCCCCCCCCCCCCCCCCCCCCCCCCCCC,0.06152013637617495,4.720625545132439,1st_iter
SCC C)]CCCCC))))))))))))))),0.39650349079173225,2.8183185770965213,1st_iter
COOO\O \,0.37343198599961924,3.7664153645368845,1st_iter
NNS,0.1977382451861954,4.297826269404214,1st_iter
Cl                                                                                   (((((((((((((((((((((((((((((((((((,0.36516432379389474,6.251046153846153,1st_iter
II I,0.5776074734119597,4.771321765103238,1st_iter
CC(CC)CCCCCCCCCCCCCCCCCCCCCCCCCCCCCCCCCCCCCCCCCCCCCCCCCCCCCCCCCCCCCCCCCCCCCCCCCCCCCCCCCCCCCCCCCCCCCCCCCCCCCCCCCCCCCCCCCC,0.05326173772742366,4.375590434517432,1st_iter
ICCC       CCC,0.4155697992996972,2.7767538156987506,1st_iter
CCSCCCCCOCS,0.361347479470891,2.8584266390267583,1st_iter
O                                  ()))((((((SS(((((N(SN(NSNNNNNN((222222)                666666N666))O,0.3277476769246249,5.868476923076923,1st_iter
COBBr,0.45493850891979604,5.410876892621826,1st_iter
C   ((((1)c(c(c(c(c1c2c(c(c(c2)((CC()O))O,0.3597849378839701,7.3284153846153846,1st_iter
CCCCCCCCCCCCCCCCCCCCCCCCCCCCCCCCCCCCCCCCCCSSSSSSSSSSSSSSSSSSSSSSSSSSSSSSSSSSSSSSSSSSS,0.03486246708433007,4.879092936854313,1st_iter
C#I,0.44013715067322196,5.340444842026314,1st_iter
CNN                      CC  C  CC CCCCCCC)CCC)CCC)C)CCC)CCCCC)CCC)C)CCC)CCC)C)CCC)C)CCC)CCCCC)CCCCCCCCCCCCCCCCCCCCCCCCC,0.27331503611697344,2.9731878078657523,1st_iter
CCNC,0.4555245536226073,2.3143692003141343,1st_iter
Cc1ccccc1OOC(CCCc2ccccc2Cl)C,0.5054925797758002,2.7268820759669126,1st_iter
INII,0.5271888481912379,6.976861508006442,1st_iter
OSSSOOO,0.21482044863159308,5.011417918507885,1st_iter
CC   CC-cccccccccc1ccc(c(c(c(((((((((((cccccccccccc(c))))O),0.3727855551576051,2.7475679189493913,1st_iter
CC                                                                                                                   +++,0.3727855551576051,2.7475679189493913,1st_iter
CC        @@@@]]]]]]]]]]222222222222222222222222222222222223333333333333333333333333333333333333333333333333333333333333,0.3727855551576051,2.7475679189493913,1st_iter
CCCCCCCC,0.48061060527513716,1.304762875769466,1st_iter
SN,0.3644321050404201,4.796106380487854,1st_iter
CCCCO,0.5128217987135146,1.8791313408682448,1st_iter
C          ((((,0.3597849378839701,7.3284153846153846,1st_iter
S /C//////(1////(=1)=====c===),0.35641978822956905,6.963984615384615,1st_iter
N                                                  rrrrCCOO33(((((((((((((((((((((((((((((((((((((((((((((((((((((((((((,0.3975550616040572,6.667815384615385,1st_iter
FS     #(=))c(cc(c(c(cc(c(c(cc(c(c(c((((c(c(((((((((((((((((((((((((((((((((((((((((((((((((((((((((((((((((((((((((((((,0.38704918484352857,4.743583303564777,1st_iter
NNN                                                                                            /////////////////////////,0.22582130121029276,3.349157038634983,1st_iter
SC,0.37947717275669157,4.445429457410929,1st_iter
COS,0.3181490081398001,3.60058011555806,1st_iter
NOO,0.2827231329978806,3.6604647309426754,1st_iter
CCOOOOO                 cccccccccccccccccccccccccccccccccccccccccccccccccccccccccccccccccccccccccccccccccccccccccccccccc,0.31995340516953136,3.745340185714362,1st_iter
CC(=O)NCCc1c(ccnc1CCCCCCCCCCCC)Cl,0.41769211743442225,2.3150711711712244,1st_iter
CC CC                    C C,0.3727855551576051,2.7475679189493913,1st_iter
COOO          cc   ///              O)OOO    O O OOOOOOOOOOOOOOOOOOOOOOOOOOOOOOOOOOO)O)O)O)O)O)O)O)O)O)O)O)O)OO/O/O)O)O),0.34526239913364815,3.10315381569875,1st_iter
CC\O,0.4068079656553945,1.9802570386349831,1st_iter
C                 CCCCCCCC==C====================================================================================,0.3597849378839701,7.3284153846153846,1st_iter
SSSSc2SSSS2,0.5682099299219406,5.779159959888279,1st_iter
CCNNNNNNN                        +++++++,0.11832948706764802,4.704525237994788,1st_iter
ClI,0.47443923077994593,4.5705525343340065,1st_iter
CCC         C 222222222222(((2222222222222222222222222222222222222222222222222222222222222222222222222222222222222222222,0.3854706587740357,1.7549570386349824,1st_iter
CCCCCCCCCCCCC,0.4031688486987215,1.144365108313803,1st_iter
CC                CCCCCCCCC#cccccccccCCC\\\\\\\\\\\IIIIIIIC###CCIIIIIIIIIIIIIIIIIIIIIIIIIIIIIIIIIIIIIIIIIIIIIIIIIIIIIIII,0.3727855551576051,2.7475679189493913,1st_iter
IC#I,0.5859694517423406,5.526626269404215,1st_iter
C                                                                      O             ===============))))))))============,0.3597849378839701,7.3284153846153846,1st_iter
CN(C),0.3986709398154768,2.2160570386349825,1st_iter
SCNNNNNI,0.09257415609037728,5.687328610035198,1st_iter
CCCC                        ((((((((((((              (((((((((((((((((((((,0.4310243576713092,1.605723046467979,1st_iter
CCCCC    CC,0.4687855098011332,1.699621281696647,1st_iter
CCSSSSSSSS,0.3691887300540485,4.8800468392029845,1st_iter
IOI,0.6085708740320864,4.896787807865754,1st_iter
CISIII,0.2907379137607611,6.313347513499828,1st_iter
CNN /()(CC(C((C((CC(CC(CC(CC(C((((((((((((((((((((((((((((((((((((((((((((((((((((((((((((((((((((((((((((((((((((((((((,0.27331503611697344,2.9731878078657523,1st_iter
C#CCCCCCCCCCCCCCCCCCCCCCCCCCCCCCCCCCCCCCCCCCCCCCCCCCCCCCCCCCCCCCCCCCCCCCCCCCCCCCCCCCCCCCCCCCCCCCCCCCCCCCCCCCCCCCCCCCCCCC,0.04205692265986247,3.978183390299617,1st_iter
C     ((22)(((((((((((c(c(((((()),0.3597849378839701,7.3284153846153846,1st_iter
C     ((((((2((((22222222222222222222(((((((((((((((((((((((((((((((((((((((((((((((((((((((((((((((((((((((((((((((((((,0.3597849378839701,7.3284153846153846,1st_iter
CCOCCCC,0.49186988764667466,1.6300705500868329,1st_iter
FSSSSSSS,0.42007071501953885,5.463958679965269,1st_iter
COC(=C)NCCCCCCCCCCCCCCCCCCCCCCCCCCCCCCCCCCCCCCCCCCCCCCCCCCCCCCCCCCCCCCCCCCCCCCCCCCCCCCCCCCCCCCCCCCCCCCCCCCCCCCCCCCCCCCCC,0.048405804736716136,4.190060385508307,1st_iter
OOOO                     ///////////////////////////////////////////////////////////////////////////////////////////////,0.330664254445083,3.4558461233910576,1st_iter
CSSS=SSSSSSSNSS                                 \\\   \\\\\\\\\\\\\\\\\\\\\\   SSSSSSSSSSSSSSSSSSSSSSSSSSSSSSSSSSSSSSSSS,0.1598901601633685,6.5859682779998305,1st_iter
C    (((H]NNN)((((((((((22((2F,0.3597849378839701,7.3284153846153846,1st_iter
CNN                                                                                                                  =(=,0.27331503611697344,2.9731878078657523,1st_iter
c1cc(c1)C,0.4017129080676654,2.426920689980671,1st_iter
O\BBI,0.39379634107205924,7.468430738775672,1st_iter
S     CCCC(((((((nnn(nnnn))CCnnnnncnnc2)C,0.35641978822956905,6.963984615384615,1st_iter
SBB,0.2626220710570001,7.2759724232503675,1st_iter
COOOOOOO,0.31083296795550386,4.205034903741492,1st_iter
CNNNN=N,0.20683760291556227,5.336006509824622,1st_iter
S +,0.35641978822956905,6.963984615384615,1st_iter
CSCNSSSSSSSSSSSSSSSSSSSSSSSSSSSSSSS,0.021797869984490032,5.466303044692932,1st_iter
CCCCCC   CCCCCCCCCCCCCC1C1CC2CC2C2CC2CCC2C2C2CC22CC2C2C2C2C2CC2C2C2C2C2C2222C2C2C2C2C2CC222C2C2C2C2C2C2C2C2C2C2C2C2C2C2C,0.4629542813199688,1.2090305482861616,1st_iter
OOO SOO11N(co)S(=OOOOOOOOOOOc3cccc(O)),0.29875973191794,3.223341654019599,1st_iter
SSSSSSSSSSS,0.27851687188479046,5.117764626664299,1st_iter
SS\SSSSSF,0.42007071501953885,5.463958679965269,1st_iter
BB                        ///,0.2730446161606668,6.13562945741093,1st_iter
CC  ccccccccc2CNc3c3))))]),0.3727855551576051,2.7475679189493913,1st_iter
CCCNOONNN\NN                                                                                                      //////,0.10385883200784578,4.534007780465964,1st_iter
C1CC1,0.38142504216495926,1.0136537419316873,1st_iter
C    N]1CCC2222c2nc23322,0.3597849378839701,7.3284153846153846,1st_iter
CCCNNNNNNNNNNNNNNNNNNNNNNNN,0.04027156193433394,5.363725872388261,1st_iter
BBBBII,0.34329367306035125,6.7015924250211825,1st_iter
CC1CCC1CCCCCCCCCCCCCCCCCCCCCCCCCCCCCCCCCCCCCCCCCCCCCCCCCCCCCCCCCCCCCCCCCCCCCCCCCCCCCCCCCCCCCCCCCCCCCCCCCCCCCCCCCCCCCCCCC,0.053261737760729067,4.7986669677032046,1st_iter
CCCCB,0.4220270798818264,3.331039033175937,1st_iter
CC                        ) ) ) ) ) )))))))))))))))))))))2)2222222222222222222222222222222222222222222222222222222222222,0.3727855551576051,2.7475679189493913,1st_iter
CCNCCCNCCCNCCNNCCNNCCC1CCCCCC1CCCCCCCCCCCCCCCCCCCCCCCCCCCCCCCCCCCCCCCCCCCCCCCCCCCCCCCCCCCCCCCCCCCCCCCCCCCCCCC1CCCCCC1CCC,0.01856636124854722,5.718823169787789,1st_iter
B\I,0.3268648493627747,5.85662945741093,1st_iter
CSSSSSSSSSSSSSSSSSSSSSSSSSSSSSSSSSSSSSSSSSSSSSSSSSSSSSSSSSSSSSSSSSSSSSSSSSSSSSSSSSSSSSSSSSSSSSSSSSSSSSSSSSSSSSSSSSSSSSSS,0.03486246701373971,7.391273904106297,1st_iter
COC(=O)CCCCOCCCCCCCCCCCCCCCCCCCCCCCCCCCCCCCCCCCCCCCCCCCCCCCCCCCCCCCCCCCCCCCCCCCCCCCCCCCCCCCCCCCCCCCCCCCCCCCCCCCCCCCCCCCC,0.04497034402685883,4.191912905224734,1st_iter
OII,0.6506775328577238,7.085818577096521,1st_iter
CCCF,0.429990770687244,2.5810153541602876,1st_iter
CSSCSSSSSSSSSSSSSSSSSSSSSSSSSSSSSSSSSSSSSSSSSSSSSSSSSSSSSSSSSSSSSSSSSSSSSSSSSSSSSSSSSSSSSSSSSSSSSSSSSSSSSSSSSSSSSSSSSSSS,0.026559653538853797,7.647089108475271,1st_iter
CCC        NNNCC))CCNCNNNN(C))),0.3854706587740357,1.7549570386349824,1st_iter
BrBr,0.5050781538986456,4.3898602266417,1st_iter
C                          ============================================(((((((((((((((((((((((((((((((((((((((((((((((((,0.3597849378839701,7.3284153846153846,1st_iter
CCCNNC,0.3780299777211907,3.0059843944400075,1st_iter
[B],0.31086379207483855,8.479573080261886,1st_iter
OOOOOO,0.28749829677433963,4.022049779055392,1st_iter
CC                                   /////////  ////////////////////////////////////////////////////////////////////,0.3727855551576051,2.7475679189493913,1st_iter
CCCC  CCCCCCCC1CCCC]](CC=O)[O)O,0.4310243576713092,1.605723046467979,1st_iter
C    66,0.3597849378839701,7.3284153846153846,1st_iter
C CCCCCC)CC)CC,0.3597849378839701,7.3284153846153846,1st_iter
CONOO,0.3471687142114159,4.469778678146351,1st_iter
Cc1cc(nnn1)NS(=O)c2ccccc2,0.8691640552935573,3.4227211114850817,1st_iter
C  CCCN(C(NC2C--2ccccccc3),0.3597849378839701,7.3284153846153846,1st_iter
CCCCCCNCCCCCCCCCCCCCCCCCCCCCCCCCCCCCCCCCCCCCCCCCCCCCCCCCCCCCCCCCCCCCCCCCCCCCCCCCCCCCCCCCCCCCCCCCCCCCCCCCCCCCCCCCCCCCCCCC,0.05986796967756667,3.884084236353675,1st_iter
CC      CCCCCC((((((((((((((C(C(C(C(((((C,0.3727855551576051,2.7475679189493913,1st_iter
SSc1ccccc1S(C)(C(C))C(=O)N,0.6456399625118662,3.8380388820309674,1st_iter
CCC  C  /1/](CCCCC(CCCCC(C((((((((((((((((((((((((((((((((((((((((((((((((((((((((((((((((((((((((((((((((((((((((((((((,0.3854706587740357,1.7549570386349824,1st_iter
c1ccc(ccc(c1C(=O)Cl))I,0.5359373007894189,3.920021281687559,1st_iter
CCNCCNNCNNCNNCNNCCNCCNNCCCCCCCCCCCCCCCCCCCCCCCCCCCCCCCCCCCCCCCCCCCCCCCCCCCCCCCCCCCCCCCCCCCCCCCCCCCCCCCCCCCCCCCCCCCCCCCCC,0.016008836811049237,4.743873433895728,1st_iter
CO            OOOOOOccccccccc3(((((((((((((((((c(c(c(c(c(c((((((((((((((((((((((((((((((((((((((((((((((((((((((((((((((,0.38528440447384316,2.701044842026315,1st_iter
COB,0.32266378230861453,3.8841493463272903,1st_iter
FBB,0.30111435450897844,6.887818577096521,1st_iter
CSSSSSSSSSSSSSSSSSSSSSSSSSS,0.055579299394138706,5.036068300130208,1st_iter
CCCCCCCCCCCCCCCCCCCCCCC2CCCCCC2CC2CCC2CC2CCC2CC2CCC2CC2CCC2CC2CCC2CC2CCCCCC2CCCCCC2CC2CCC2CC2CCC2CC2CCC2CC2CCCCCC2CC2CCC,0.042058028503987724,6.730345678504334,1st_iter
C ++CCCCC@]]]C22]]2222222222222,0.3597849378839701,7.3284153846153846,1st_iter
C                               (((((( ( ( (((((((( ( ( ((((((((((((((((((((((((((((((((((((((((((((((((((((((((((((((((,0.3597849378839701,7.3284153846153846,1st_iter
SNN,0.1977382451861954,4.297826269404214,1st_iter
CCC   C                              CCCC===============================================================================,0.3854706587740357,1.7549570386349824,1st_iter
COCCOOO,0.3138978517323192,2.904251926605051,1st_iter
C/SSSSSSSSSSSSSSSOOOOOOOOOOOOOOOOOOOOOOOOOOOOOOOOOOOOOOOOOOOOOOOOOOO O                                  IIIIIIIIIIIIIIII,0.022371597210497713,5.895663387982811,1st_iter
CNc1ccc2c1c(cc2)C(=CCCCC)Cl,0.7180142826694632,3.8266011972251714,1st_iter
SSSSSSSS,0.41536531944178184,5.374386651993241,1st_iter
CC1(CCC1),0.4074454937625652,1.4179168438268253,1st_iter
C                )O)O)O)O)O)O)C)C)C)C)C)()()))))))))))))))))C)C)C)C)C)C)C)C)C)C)C)C)C)C)C)C)C)C)C)C)C)C)C)C)C)C)C)C)C)C),0.3597849378839701,7.3284153846153846,1st_iter
CCCCCC                \\\\\\\\\\\\\\\\\\\\\\\\\\\\\\\\\\\\\\\\cccccccccccccccccccccccccccccccccccccccccccccccccccccccccc,0.4629542813199688,1.2090305482861616,1st_iter
C1CCNNNNNN1NNNNNNNNNNNNNNNNNNNNNNNNNNNNNNNNNNNNNNNNNNNNNNNNNNNNNNNNNNNNNNNNNNNNNNNNNNNNNNNNNNNNNNNNNNNNNNNNNNNNNNNNNNNNN,0.015272340218270257,7.81808579652062,1st_iter
CCOC(=O)CCCCCCCC(CCCCCCCCC)CC,0.19121845817346123,2.493073657714806,1st_iter
CCSSCCCCCCCCCCCCCCCCCCCCCCCCCCCCCCCCCCCCCCCCCCCCCCCCCCCCCCCCCCCCCCCCCCCCCCCCCCCCCCCCCCCCCCCCCCCCCCCCCCCCCCCCCCCCCCCCCCCC,0.04397124512700394,4.0982135613491115,1st_iter
BCBBF,0.3525582769819419,7.3508224651286,1st_iter
c1cI1,0.45914274311209596,6.9364845111624565,1st_iter
c1cc(c1CCCCC)NNNNNCNNCCNCCCNCCNCCNCCC2CCCCCCCCC2CCCCCCCCC2CC2CCCCCCCCCCCCCCCCCCCCCCCCCCCCCCCCCCCCCCCCCCCCCCCCCCCCCCCCCCC,0.01616540791083645,6.604866337106044,1st_iter
CC(CCCC=O)COCCCOCCCCCCCCCCCCCCCCCCCCCCCCCCCCCCCCCCCCCCCCCCCCCCCCCCCCCCCCCCCCCCCCCCCCCCCCCCCCCCCCCCCCCCCCCCCCCCC1CC1CCCCC,0.04497034463912884,5.465524440788554,1st_iter
CCC=COCCOOOCOOOOOOOOOOOOOOOOOOOOOOOOOOOOOOOOOOOOOOOOOOOOOOOOOOOOOOOOOOOOOOOOOOOOOOOOOOOOOOOOOOOOOOOOOOOOOOOOOOOOOOOOOOOO,0.019469247206213413,7.556817164265921,1st_iter
CO                        ####N###NN\\\\\\)))))))))\\lll\\l\\\\\\\\\\\\\\\\\\\\\l\\\\\\\\\\\\\\\\\\\\\\\\\\\\\\\\\\\\\\\,0.38528440447384316,2.701044842026315,1st_iter
CC        111CCCCCC12223333234444((3,0.3727855551576051,2.7475679189493913,1st_iter
Cn1cccc(cc1)S(=O)CC#N,0.661219885603937,4.782423590158954,1st_iter
SSSSSSSSSOO  OOOOO,0.14886538379229877,5.37843557202924,1st_iter
COOO                                                           \////////////////////////////////////////////////////////,0.34526239913364815,3.10315381569875,1st_iter
CCC          CCC) C)CC))))CCCCCCCCC)CCCCCNN3H,0.3854706587740357,1.7549570386349824,1st_iter
CCCON,0.4785314523900427,2.8705692106907303,1st_iter
CC\C\CCC,0.4629542813199688,1.2090305482861616,1st_iter
CCCCCCCCCCCCCCCCCCCCCCCCCCCCCCCCCCCCCCCNCCNCCNCCNCCNCCNCCNCCNCCNCCNCCNCCNCCNCCNCCNCCNCCNCCNCCNCCNCCNCCNCCNCCNCCNCCCCCCCC,0.02616240729420882,4.457999284039742,1st_iter
C        OOOOOOOOOOOOOOO[[[C[[[[[[[[[[[[[[[[[[[[[[[[[[[[[[[[[[[[[[[[[)[[)[[[[[[[[[[[[[[)[[))[[[[[[[[[[[[[)[[)[[))[[[[[[[,0.3597849378839701,7.3284153846153846,1st_iter
CNNNOOOO,0.20162836372374437,4.843223015629604,1st_iter
CCCCCCCCCCC(=C(NC)NCCCCCCCCCCCCCCCCCCCCC)C,0.08877790776125108,2.41613944371265,1st_iter
c1c=I1I,0.5898456313528231,7.833564578925801,1st_iter
C  CCCCCCCCCCCCCCCCHH)CCCC))))CHHH))))))HH]))))))))                                                   ]]]]]]]]]],0.3597849378839701,7.3284153846153846,1st_iter
CC   =OOOOOCCO]] ]]]]]]]]]]]]]]]]]]]]]]]]]]]]]]]]]]]]]]]]]]]                ]]]]]]]]]]]]])))))))))))]]]]]]]]]]]]]]]]]]]],0.3727855551576051,2.7475679189493913,1st_iter
