,RowID,Molecule name,Original_SMILES,Number of connected components,Canonical_QSARr,InChI_Code_QSARr,InChI Key_QSARr,Salt_Solvent,Salt_Solvent_ID,MACE_opt_Charge_P,DFT_opt_Charge_P,SMILES_Charge_P
0,1,Molecule_1,OP(=O)(F)CC1CC1,1,OP(=O)(F)CC1CC1,InChI=1S/C4H8FO2P/c5-8(67)3-4-1-2-4/h4H1-3H2(H67),ISTSYGJGFHXWEP-UHFFFAOYSA-N,,0,0.477392,0.477884,0.495007
1,2,Molecule_2,C=CC=CP(O)(=O)F,1,C=CC=CP(O)(=O)F,InChI=1S/C4H6FO2P/c1-2-3-4-8(56)7/h2-4H1H2(H67),MTEZWQFYJSPWFL-UHFFFAOYSA-N,,0,0.466374,0.468175,0.488871
2,3,Molecule_3,CCCCP(O)(=O)F,1,CCCCP(O)(=O)F,InChI=1S/C4H10FO2P/c1-2-3-4-8(56)7/h2-4H21H3(H67),APYFAHGEGYQQKV-UHFFFAOYSA-N,,0,0.4785,0.479187,0.497424
3,4,Molecule_4,CC(=C)P(O)(=O)F,1,CC(=C)P(O)(=O)F,InChI=1S/C3H6FO2P/c1-3(2)7(45)6/h1H22H3(H56),MCXJDWWZTRAPNJ-UHFFFAOYSA-N,,0,0.47171,0.472099,0.493289
4,5,Molecule_5,OP(=O)(F)C1CCC1,1,OP(=O)(F)C1CCC1,InChI=1S/C4H8FO2P/c5-8(67)4-2-1-3-4/h4H1-3H2(H67),NVEBMHVYFIZZNB-UHFFFAOYSA-N,,0,0.472379,0.472121,0.487905
7,8,Molecule_8,CC1CC1P(O)(=O)F,1,CC1CC1P(O)(=O)F,InChI=1S/C4H8FO2P/c1-3-2-4(3)8(56)7/h3-4H2H21H3(H67),OLJBKYHRSJDATD-UHFFFAOYSA-N,,0,0.474309,0.473826,0.485027
8,9,Molecule_9,C=CCP(O)(=O)F,1,C=CCP(O)(=O)F,InChI=1S/C3H6FO2P/c1-2-3-7(45)6/h2H13H2(H56),UKIWLVJHBCGSGS-UHFFFAOYSA-N,,0,0.478686,0.479021,0.501173
9,11,Molecule_11,C=CCCCP(O)(=O)F,1,C=CCCCP(O)(=O)F,InChI=1S/C5H10FO2P/c1-2-3-4-5-9(67)8/h2H13-5H2(H78),UIVRGTNNPFGBHY-UHFFFAOYSA-N,,0,0.478493,0.480769,0.491335
10,12,Molecule_12,OP(=O)(F)C1C=C1,1,OP(=O)(F)C1C=C1,InChI=1S/C3H4FO2P/c4-7(56)3-1-2-3/h1-3H(H56),FJGLRTIGZQIDDP-UHFFFAOYSA-N,,0,0.458675,0.459794,0.476233
11,13,Molecule_13,OP(=O)(F)C1CC=1,1,OP(=O)(F)C1CC=1,InChI=1S/C3H4FO2P/c4-7(56)3-1-2-3/h1H2H2(H56),CYEBGOFYXUVHKM-UHFFFAOYSA-N,,0,0.484948,0.48345,0.502705
12,14,Molecule_14,CC=CP(O)(=O)F,1,CC=CP(O)(=O)F,InChI=1S/C3H6FO2P/c1-2-3-7(45)6/h2-3H1H3(H56),PYKNLPVJKFSYJI-UHFFFAOYSA-N,,0,0.467625,0.468618,0.481485
13,15,Molecule_15,OP(=O)(F)C1CC1,1,OP(=O)(F)C1CC1,InChI=1S/C3H6FO2P/c4-7(56)3-1-2-3/h3H1-2H2(H56),GPMVMRFPYXDZRO-UHFFFAOYSA-N,,0,0.475341,0.476673,0.485027
14,17,Molecule_17,CC(=C)CP(O)(=O)F,1,CC(=C)CP(O)(=O)F,InChI=1S/C4H8FO2P/c1-4(2)3-8(56)7/h13H22H3(H67),ZNOQVZCHQDPAIV-UHFFFAOYSA-N,,0,0.484826,0.482972,0.485588
15,18,Molecule_18,CC(C=C)P(O)(=O)F,1,CC(C=C)P(O)(=O)F,InChI=1S/C4H8FO2P/c1-3-4(2)8(56)7/h3-4H1H22H3(H67),AAADRKXESDNPIN-UHFFFAOYSA-N,,0,0.486737,0.475977,0.493148
16,19,Molecule_19,OP(=O)(F)CC1CCC1,1,OP(=O)(F)CC1CCC1,InChI=1S/C5H10FO2P/c6-9(78)4-5-2-1-3-5/h5H1-4H2(H78),KDMBIFOTCPHSOH-UHFFFAOYSA-N,,0,0.478053,0.477747,0.492243
17,20,Molecule_20,OP(=O)(F)C1CCCC1,1,OP(=O)(F)C1CCCC1,InChI=1S/C5H10FO2P/c6-9(78)5-3-1-2-4-5/h5H1-4H2(H78),GJEGQXMIQFGXLY-UHFFFAOYSA-N,,0,0.473947,0.4743,0.491196
18,21,Molecule_21,C=CC=CCP(O)(=O)F,1,C=CC=CCP(O)(=O)F,InChI=1S/C5H8FO2P/c1-2-3-4-5-9(67)8/h2-4H15H2(H78),ILAOHUXMVXJHDD-UHFFFAOYSA-N,,0,0.482628,0.484122,0.493777
19,22,Molecule_22,OP(=O)(F)CC1C=C1,1,OP(=O)(F)CC1C=C1,InChI=1S/C4H6FO2P/c5-8(67)3-4-1-2-4/h1-24H3H2(H67),RGWDLRPAOLIYRF-UHFFFAOYSA-N,,0,0.475797,0.475275,0.485371
20,23,Molecule_23,OP(=O)(F)C=C1CC1,1,OP(=O)(F)C=C1CC1,InChI=1S/C4H6FO2P/c5-8(67)3-4-1-2-4/h3H1-2H2(H67),KUNAYIVRUSJKGD-UHFFFAOYSA-N,,0,0.4681,0.4671,0.47995
21,24,Molecule_24,OP(=O)(F)CCC1CC1,1,OP(=O)(F)CCC1CC1,InChI=1S/C5H10FO2P/c6-9(78)4-3-5-1-2-5/h5H1-4H2(H78),GTSXEPHQPPCITF-UHFFFAOYSA-N,,0,0.477532,0.47817,0.493833
23,26,Molecule_26,CC(C)P(O)(=O)F,1,CC(C)P(O)(=O)F,InChI=1S/C3H8FO2P/c1-3(2)7(45)6/h3H1-2H3(H56),RMNZEQDHAUHZQB-UHFFFAOYSA-N,,0,0.475395,0.477775,0.490444
24,27,Molecule_27,CCCCCP(O)(=O)F,1,CCCCCP(O)(=O)F,InChI=1S/C5H12FO2P/c1-2-3-4-5-9(67)8/h2-5H21H3(H78),PTCRRNHMUOCJMX-UHFFFAOYSA-N,,0,0.47981,0.480305,0.498928
25,29,Molecule_29,OP(=O)(F)CC1CC=1,1,OP(=O)(F)CC1CC=1,InChI=1S/C4H6FO2P/c5-8(67)3-4-1-2-4/h1H2-3H2(H67),CLHCHQRXYDGQFT-UHFFFAOYSA-N,,0,0.484993,0.485251,0.501686
26,30,Molecule_30,CCC=CP(O)(=O)F,1,CCC=CP(O)(=O)F,InChI=1S/C4H8FO2P/c1-2-3-4-8(56)7/h3-4H2H21H3(H67),PHLBMOWZCGHORT-UHFFFAOYSA-N,,0,0.467163,0.468049,0.472629
27,31,Molecule_31,C=CCC=CP(O)(=O)F,1,C=CCC=CP(O)(=O)F,InChI=1S/C5H8FO2P/c1-2-3-4-5-9(67)8/h24-5H13H2(H78),HEQVFFSBPIJUCW-UHFFFAOYSA-N,,0,0.47198,0.470859,0.475696
30,35,Molecule_35,CC(C)CCP(O)(=O)F,1,CC(C)CCP(O)(=O)F,InChI=1S/C5H12FO2P/c1-5(2)3-4-9(67)8/h5H3-4H21-2H3(H78),OUHZTYDLBNQSSN-UHFFFAOYSA-N,,0,0.47745,0.477567,0.497578
31,36,Molecule_36,CC(CP(O)(=O)F)C=C,1,CC(CP(O)(=O)F)C=C,InChI=1S/C5H10FO2P/c1-3-5(2)4-9(67)8/h35H14H22H3(H78),ZKCMIMUNSSTFLH-UHFFFAOYSA-N,,0,0.477035,0.472212,0.501522
32,37,Molecule_37,OP(=O)(F)C1CCCCC1,1,OP(=O)(F)C1CCCCC1,InChI=1S/C6H12FO2P/c7-10(89)6-4-2-1-3-5-6/h6H1-5H2(H89),GDFNCFUIICIQSM-UHFFFAOYSA-N,,0,0.473514,0.475039,0.493271
33,38,Molecule_38,OP(=O)(F)CCC1CCC1,1,OP(=O)(F)CCC1CCC1,InChI=1S/C6H12FO2P/c7-10(89)5-4-6-2-1-3-6/h6H1-5H2(H89),PVRLAOBULUKILS-UHFFFAOYSA-N,,0,0.477034,0.477491,0.493148
34,39,Molecule_39,OP(=O)(F)CC1CCCC1,1,OP(=O)(F)CC1CCCC1,InChI=1S/C6H12FO2P/c7-10(89)5-6-3-1-2-4-6/h6H1-5H2(H89),PNOZDRLERDHQSZ-UHFFFAOYSA-N,,0,0.485206,0.479489,0.499934
35,42,Molecule_42,OP(=O)(F)C1CCCC=1,1,OP(=O)(F)C1CCCC=1,InChI=1S/C5H8FO2P/c6-9(78)5-3-1-2-4-5/h3H1-24H2(H78),BCMIGUWHTJYASI-UHFFFAOYSA-N,,0,0.469295,0.469009,0.475944
36,43,Molecule_43,C=CC=CCCP(O)(=O)F,1,C=CC=CCCP(O)(=O)F,InChI=1S/C6H10FO2P/c1-2-3-4-5-6-10(78)9/h2-4H15-6H2(H89),HPFASPNEEJXNIV-UHFFFAOYSA-N,,0,0.480751,0.480484,0.494533
37,44,Molecule_44,OP(=O)(F)C1C2CC12,1,OP(=O)(F)C1C2CC12,InChI=1S/C4H6FO2P/c5-8(67)4-2-1-3(2)4/h2-4H1H2(H67),DMZPHZONIZCKQU-UHFFFAOYSA-N,,0,0.477969,0.478136,0.510161
38,45,Molecule_45,CC(C)CP(O)(=O)F,1,CC(C)CP(O)(=O)F,InChI=1S/C4H10FO2P/c1-4(2)3-8(56)7/h4H3H21-2H3(H67),OFMYSIWPBKYETM-UHFFFAOYSA-N,,0,0.485974,0.479658,0.500178
39,46,Molecule_46,CC(=C)CCP(O)(=O)F,1,CC(=C)CCP(O)(=O)F,InChI=1S/C5H10FO2P/c1-5(2)3-4-9(67)8/h13-4H22H3(H78),MCHVUCDVKKLRMW-UHFFFAOYSA-N,,0,0.478871,0.479035,0.506275
40,47,Molecule_47,OP(=O)(F)C1CCC=C1,1,OP(=O)(F)C1CCC=C1,InChI=1S/C5H8FO2P/c6-9(78)5-3-1-2-4-5/h135H24H2(H78),UFUUZHYMKKEGQJ-UHFFFAOYSA-N,,0,0.474161,0.473884,0.479175
41,48,Molecule_48,OP(=O)(F)C1CC=CC1,1,OP(=O)(F)C1CC=CC1,InChI=1S/C5H8FO2P/c6-9(78)5-3-1-2-4-5/h1-25H3-4H2(H78),KTVQGENDGMGFJS-UHFFFAOYSA-N,,0,0.476451,0.472874,0.502742
43,50,Molecule_50,C=CC1CC1P(O)(=O)F,1,C=CC1CC1P(O)(=O)F,InChI=1S/C5H8FO2P/c1-2-4-3-5(4)9(67)8/h24-5H13H2(H78),QJMDMJWLZOEDJW-UHFFFAOYSA-N,,0,0.473239,0.474761,0.490904
45,53,Molecule_53,CC1(CC1)P(O)(=O)F,1,CC1(CC1)P(O)(=O)F,InChI=1S/C4H8FO2P/c1-4(2-3-4)8(56)7/h2-3H21H3(H67),HXMTVLCBNSKJDC-UHFFFAOYSA-N,,0,0.473274,0.473666,0.489547
47,55,Molecule_55,OP(=O)(F)C12CC1C2,1,OP(=O)(F)C12CC1C2,InChI=1S/C4H6FO2P/c5-8(67)4-1-3(4)2-4/h3H1-2H2(H67),JGEQEHDWPYRFNA-UHFFFAOYSA-N,,0,0.473536,0.470099,0.467724
49,57,Molecule_57,CC(=C)C=CP(O)(=O)F,1,CC(=C)C=CP(O)(=O)F,InChI=1S/C5H8FO2P/c1-5(2)3-4-9(67)8/h3-4H1H22H3(H78),JARQFQOTKGECFA-UHFFFAOYSA-N,,0,0.468172,0.470363,0.475263
50,58,Molecule_58,OP(=O)(F)C12CC1CC2,1,OP(=O)(F)C12CC1CC2,InChI=1S/C5H8FO2P/c6-9(78)5-2-1-4(5)3-5/h4H1-3H2(H78),CZPBYBLKAUIDPD-UHFFFAOYSA-N,,0,0.470474,0.469629,0.470975
51,59,Molecule_59,CC1CCCC1CP(O)(=O)F,1,CC1CCCC1CP(O)(=O)F,InChI=1S/C7H14FO2P/c1-6-3-2-4-7(6)5-11(89)10/h6-7H2-5H21H3(H910),BWLWUWYDGRDRQI-UHFFFAOYSA-N,,0,0.483357,0.481603,0.487655
52,60,Molecule_60,OP(=O)(F)C1C2CCC21,1,OP(=O)(F)C1C2CCC21,InChI=1S/C5H8FO2P/c6-9(78)5-3-1-2-4(3)5/h3-5H1-2H2(H78),LMJDBGLLCLZDPI-UHFFFAOYSA-N,,0,0.477828,0.47722,0.494442
53,61,Molecule_61,OP(=O)(F)CC1CCCCC1,1,OP(=O)(F)CC1CCCCC1,InChI=1S/C7H14FO2P/c8-11(910)6-7-4-2-1-3-5-7/h7H1-6H2(H910),YLJLWRMVFHFPBZ-UHFFFAOYSA-N,,0,0.475793,0.478771,0.490095
54,62,Molecule_62,CC1(CP(O)(=O)F)CC1,1,CC1(CP(O)(=O)F)CC1,InChI=1S/C5H10FO2P/c1-5(2-3-5)4-9(67)8/h2-4H21H3(H78),YMNWGCVPDZMHGB-UHFFFAOYSA-N,,0,0.488165,0.486264,0.499869
55,65,Molecule_65,C=C1CC1P(O)(=O)F,1,C=C1CC1P(O)(=O)F,InChI=1S/C4H6FO2P/c1-3-2-4(3)8(56)7/h4H1-2H2(H67),HPICDOGVCWHRAV-UHFFFAOYSA-N,,0,0.474754,0.475338,0.482598
56,66,Molecule_66,OP(=O)(F)C1CC21CC2,1,OP(=O)(F)C1CC21CC2,InChI=1S/C5H8FO2P/c6-9(78)4-3-5(4)1-2-5/h4H1-3H2(H78),LZYGFESHRXMZOQ-UHFFFAOYSA-N,,0,0.47596,0.474816,0.492803
57,67,Molecule_67,OP(=O)(F)CCC=C1CC1,1,OP(=O)(F)CCC=C1CC1,InChI=1S/C6H10FO2P/c7-10(89)5-1-2-6-3-4-6/h2H13-5H2(H89),WMWNRUKQVMWVIB-UHFFFAOYSA-N,,0,0.478004,0.47766,0.498276
58,68,Molecule_68,CC1CC1CP(O)(=O)F,1,CC1CC1CP(O)(=O)F,InChI=1S/C5H10FO2P/c1-4-2-5(4)3-9(67)8/h4-5H2-3H21H3(H78),XVGYTCAUZVQNRA-UHFFFAOYSA-N,,0,0.486291,0.479757,0.48813
60,70,Molecule_70,OP(=O)(F)C1C2CC1C2,1,OP(=O)(F)C1C2CC1C2,InChI=1S/C5H8FO2P/c6-9(78)5-3-1-4(5)2-3/h3-5H1-2H2(H78),YJABLBQTXVYTBL-UHFFFAOYSA-N,,0,0.47588,0.475449,0.489807
61,71,Molecule_71,C=CC1CC1CP(O)(=O)F,1,C=CC1CC1CP(O)(=O)F,InChI=1S/C6H10FO2P/c1-2-5-3-6(5)4-10(78)9/h25-6H13-4H2(H89),QYHXBUWOXVYNLQ-UHFFFAOYSA-N,,0,0.476514,0.478364,0.493981
62,72,Molecule_72,CCC(C)CP(O)(=O)F,1,CCC(C)CP(O)(=O)F,InChI=1S/C5H12FO2P/c1-3-5(2)4-9(67)8/h5H3-4H21-2H3(H78),QXKSGXZPXIKZHW-UHFFFAOYSA-N,,0,0.481805,0.481969,0.506657
64,74,Molecule_74,OP(=O)(F)C=CCC1CC1,1,OP(=O)(F)C=CCC1CC1,InChI=1S/C6H10FO2P/c7-10(89)5-1-2-6-3-4-6/h15-6H2-4H2(H89),NVLVAKLPQXAQHN-UHFFFAOYSA-N,,0,0.471486,0.472086,0.483837
66,76,Molecule_76,CC1CC(C1)P(O)(=O)F,1,CC1CC(C1)P(O)(=O)F,InChI=1S/C5H10FO2P/c1-4-2-5(3-4)9(67)8/h4-5H2-3H21H3(H78),CJRFQWYNBHIHEO-UHFFFAOYSA-N,,0,0.479791,0.474695,0.490381
67,77,Molecule_77,CCC1CC1P(O)(=O)F,1,CCC1CC1P(O)(=O)F,InChI=1S/C5H10FO2P/c1-2-4-3-5(4)9(67)8/h4-5H2-3H21H3(H78),JZTLTDUBHARIED-UHFFFAOYSA-N,,0,0.479212,0.478057,0.481944
68,78,Molecule_78,OP(=O)(F)CC1CC=CC1,1,OP(=O)(F)CC1CC=CC1,InChI=1S/C6H10FO2P/c7-10(89)5-6-3-1-2-4-6/h1-26H3-5H2(H89),FFAIKFVATDITJN-UHFFFAOYSA-N,,0,0.47969,0.479456,0.488386
69,80,Molecule_80,CC1CC=CC1P(O)(=O)F,1,CC1CC=CC1P(O)(=O)F,InChI=1S/C6H10FO2P/c1-5-3-2-4-6(5)10(78)9/h24-6H3H21H3(H89),OUCNCVODJVMRQS-UHFFFAOYSA-N,,0,0.473472,0.47292,0.492013
70,81,Molecule_81,OP(=O)(F)CC1C2CC12,1,OP(=O)(F)CC1C2CC12,InChI=1S/C5H8FO2P/c6-9(78)2-5-3-1-4(3)5/h3-5H1-2H2(H78),YHUHYRSPQGJSLB-UHFFFAOYSA-N,,0,0.482191,0.48249,0.50103
72,84,Molecule_84,OP(=O)(F)CCCC1CC1,1,OP(=O)(F)CCCC1CC1,InChI=1S/C6H12FO2P/c7-10(89)5-1-2-6-3-4-6/h6H1-5H2(H89),RKJWMODPZOSGRQ-UHFFFAOYSA-N,,0,0.482817,0.479582,0.503327
73,85,Molecule_85,C=C1CC1CP(O)(=O)F,1,C=C1CC1CP(O)(=O)F,InChI=1S/C5H8FO2P/c1-4-2-5(4)3-9(67)8/h5H1-3H2(H78),VWGQWOHMJVNRRV-UHFFFAOYSA-N,,0,0.478622,0.480207,0.487523
76,88,Molecule_88,OP(=O)(F)C=C1CCC=C1,1,OP(=O)(F)C=C1CCC=C1,InChI=1S/C6H8FO2P/c7-10(89)5-6-3-1-2-4-6/h135H24H2(H89),PPWWTGNIJYODLT-UHFFFAOYSA-N,,0,0.465191,0.464245,0.480692
77,89,Molecule_89,CC(=C)C=CCP(O)(=O)F,1,CC(=C)C=CCP(O)(=O)F,InChI=1S/C6H10FO2P/c1-6(2)4-3-5-10(78)9/h3-4H15H22H3(H89),FIWORHFJLVTQMM-UHFFFAOYSA-N,,0,0.476814,0.477979,0.483602
78,90,Molecule_90,OP(=O)(F)C1CC2CCC21,1,OP(=O)(F)C1CC2CCC21,InChI=1S/C6H10FO2P/c7-10(89)6-3-4-1-2-5(4)6/h4-6H1-3H2(H89),DZZOLJKKVLAJPU-UHFFFAOYSA-N,,0,0.477369,0.471379,0.421594
79,91,Molecule_91,OP(=O)(F)CCC1CC=1,1,OP(=O)(F)CCC1CC=1,InChI=1S/C5H8FO2P/c6-9(78)4-3-5-1-2-5/h1H2-4H2(H78),AFVJXRMJBBKGLZ-UHFFFAOYSA-N,,0,0.480257,0.480091,0.498607
82,94,Molecule_94,OP(=O)(F)CCCC1CCCC1,1,OP(=O)(F)CCCC1CCCC1,InChI=1S/C8H16FO2P/c9-12(1011)7-3-6-8-4-1-2-5-8/h8H1-7H2(H1011),XAULFBHJUPIOGC-UHFFFAOYSA-N,,0,0.477362,0.478275,0.487538
83,95,Molecule_95,CC1CC(CC1)P(O)(=O)F,1,CC1CC(CC1)P(O)(=O)F,InChI=1S/C6H12FO2P/c1-5-2-3-6(4-5)10(78)9/h5-6H2-4H21H3(H89),LCBNDFKSDOHCRH-UHFFFAOYSA-N,,0,0.472067,0.471394,0.493254
86,98,Molecule_98,OP(=O)(F)C1CCC2CC21,1,OP(=O)(F)C1CCC2CC21,InChI=1S/C6H10FO2P/c7-10(89)6-2-1-4-3-5(4)6/h4-6H1-3H2(H89),DVPRLGRBOKFDQC-UHFFFAOYSA-N,,0,0.472408,0.473222,0.494171
87,99,Molecule_99,CC(C(C)=C)P(O)(=O)F,1,CC(C(C)=C)P(O)(=O)F,InChI=1S/C5H10FO2P/c1-4(2)5(3)9(67)8/h5H1H22-3H3(H78),PKSAUACLNUBIBD-UHFFFAOYSA-N,,0,0.478827,0.474953,0.496321
89,104,Molecule_104,OP(=O)(F)C1CC2CC2C1,1,OP(=O)(F)C1CC2CC2C1,InChI=1S/C6H10FO2P/c7-10(89)6-2-4-1-5(4)3-6/h4-6H1-3H2(H89),KYJSNSFHUMGKIZ-UHFFFAOYSA-N,,0,0.470118,0.469257,0.493416
90,105,Molecule_105,CCC1CC1CP(O)(=O)F,1,CCC1CC1CP(O)(=O)F,InChI=1S/C6H12FO2P/c1-2-5-3-6(5)4-10(78)9/h5-6H2-4H21H3(H89),ZNNIGEMMGQWZBF-UHFFFAOYSA-N,,0,0.476634,0.47722,0.483217
91,106,Molecule_106,CC1CCCC1P(O)(=O)F,1,CC1CCCC1P(O)(=O)F,InChI=1S/C6H12FO2P/c1-5-3-2-4-6(5)10(78)9/h5-6H2-4H21H3(H89),XTVJMWHWBGOBDN-UHFFFAOYSA-N,,0,0.471211,0.471934,0.48215
92,107,Molecule_107,CCCC=CCCP(O)(=O)F,1,CCCC=CCCP(O)(=O)F,InChI=1S/C7H14FO2P/c1-2-3-4-5-6-7-11(89)10/h4-5H2-36-7H21H3(H910),LSSUQMOVJJDAJQ-UHFFFAOYSA-N,,0,0.479023,0.478681,0.490674
94,109,Molecule_109,OP(=O)(F)C1CCC21CC2,1,OP(=O)(F)C1CCC21CC2,InChI=1S/C6H10FO2P/c7-10(89)5-1-2-6(5)3-4-6/h5H1-4H2(H89),PSFBXCFBUIVCOK-UHFFFAOYSA-N,,0,0.474317,0.473846,0.495754
95,111,Molecule_111,CC1(CP(O)(=O)F)CCC1,1,CC1(CP(O)(=O)F)CCC1,InChI=1S/C6H12FO2P/c1-6(3-2-4-6)5-10(78)9/h2-5H21H3(H89),QFQKQXOYISMYBU-UHFFFAOYSA-N,,0,0.484177,0.483508,0.496664
96,112,Molecule_112,OP(=O)(F)CC=C1CC1,1,OP(=O)(F)CC=C1CC1,InChI=1S/C5H8FO2P/c6-9(78)4-3-5-1-2-5/h3H1-24H2(H78),STDFSEHDGLVZHO-UHFFFAOYSA-N,,0,0.483233,0.476625,0.501951
97,113,Molecule_113,OP(=O)(F)C1C2CC1CC2,1,OP(=O)(F)C1C2CC1CC2,InChI=1S/C6H10FO2P/c7-10(89)6-4-1-2-5(6)3-4/h4-6H1-3H2(H89),LINWQIKYSUNDPH-UHFFFAOYSA-N,,0,0.473419,0.47413,0.496198
98,114,Molecule_114,OP(=O)(F)CC1CC21CC2,1,OP(=O)(F)CC1CC21CC2,InChI=1S/C6H10FO2P/c7-10(89)4-5-3-6(5)1-2-6/h5H1-4H2(H89),XVQZBMVISDCYGF-UHFFFAOYSA-N,,0,0.478235,0.479305,0.493097
99,115,Molecule_115,OP(=O)(F)CC12CC1C2,1,OP(=O)(F)CC12CC1C2,InChI=1S/C5H8FO2P/c6-9(78)3-5-1-4(5)2-5/h4H1-3H2(H78),NQOJXOKBTRUNBW-UHFFFAOYSA-N,,0,0.478641,0.482864,0.493297
100,116,Molecule_116,CC(=C)CC=CP(O)(=O)F,1,CC(=C)CC=CP(O)(=O)F,InChI=1S/C6H10FO2P/c1-6(2)4-3-5-10(78)9/h35H14H22H3(H89),SQYRYLUHXFADSI-UHFFFAOYSA-N,,0,0.467385,0.46641,0.484845
101,117,Molecule_117,OP(=O)(F)C1CCCCC=C1,1,OP(=O)(F)C1CCCCC=C1,InChI=1S/C7H12FO2P/c8-11(910)7-5-3-1-2-4-6-7/h357H1-246H2(H910),FIPVKYUOGCLIRY-UHFFFAOYSA-N,,0,0.47471,0.473783,0.488617
102,118,Molecule_118,OP(=O)(F)CCC1CCCCC1,1,OP(=O)(F)CCC1CCCCC1,InChI=1S/C8H16FO2P/c9-12(1011)7-6-8-4-2-1-3-5-8/h8H1-7H2(H1011),YMUDBXNJPHLSNH-UHFFFAOYSA-N,,0,0.477613,0.47783,0.486142
103,119,Molecule_119,OP(=O)(F)C1CCC2CCC21,1,OP(=O)(F)C1CCC2CCC21,InChI=1S/C7H12FO2P/c8-11(910)7-4-2-5-1-3-6(5)7/h5-7H1-4H2(H910),PJIREXUUGWPUHH-UHFFFAOYSA-N,,0,0.473905,0.472994,0.485575
105,121,Molecule_121,OP(=O)(F)CC1CCCC=1,1,OP(=O)(F)CC1CCCC=1,InChI=1S/C6H10FO2P/c7-10(89)5-6-3-1-2-4-6/h3H1-24-5H2(H89),ZGRRETMKEFBJMU-UHFFFAOYSA-N,,0,0.482263,0.483865,0.491884
107,123,Molecule_123,OP(=O)(F)CC=CC1CC1,1,OP(=O)(F)CC=CC1CC1,InChI=1S/C6H10FO2P/c7-10(89)5-1-2-6-3-4-6/h1-26H3-5H2(H89),CXZOXUPJMFUJIJ-UHFFFAOYSA-N,,0,0.475735,0.475851,0.494207
110,126,Molecule_126,CC1(CCC1)P(O)(=O)F,1,CC1(CCC1)P(O)(=O)F,InChI=1S/C5H10FO2P/c1-5(3-2-4-5)9(67)8/h2-4H21H3(H78),YICSNWWXVOBQHP-UHFFFAOYSA-N,,0,0.469215,0.470338,0.496004
111,127,Molecule_127,CC(CP(O)(=O)F)C(C)=C,1,CC(CP(O)(=O)F)C(C)=C,InChI=1S/C6H12FO2P/c1-5(2)6(3)4-10(78)9/h6H14H22-3H3(H89),FNXJFBCVJXYBML-UHFFFAOYSA-N,,0,0.479201,0.479643,0.494706
112,128,Molecule_128,OP(=O)(F)C12C3CC1C23,1,OP(=O)(F)C12C3CC1C23,InChI=1S/C5H6FO2P/c6-9(78)5-2-1-3(5)4(2)5/h2-4H1H2(H78),KAZYWYXSCPKEHN-UHFFFAOYSA-N,,0,0.470768,0.468615,0.470664
113,129,Molecule_129,CC1C=CCC1P(O)(=O)F,1,CC1C=CCC1P(O)(=O)F,InChI=1S/C6H10FO2P/c1-5-3-2-4-6(5)10(78)9/h2-35-6H4H21H3(H89),CGZOZBGWOYYUJC-UHFFFAOYSA-N,,0,0.476783,0.476335,0.493499
114,130,Molecule_130,C=C1CC1CCP(O)(=O)F,1,C=C1CC1CCP(O)(=O)F,InChI=1S/C6H10FO2P/c1-5-4-6(5)2-3-10(78)9/h6H1-4H2(H89),WMBZOGJHIMXDDQ-UHFFFAOYSA-N,,0,0.478247,0.480551,0.491026
115,131,Molecule_131,OP(=O)(F)C=C1C2CCC12,1,OP(=O)(F)C=C1C2CCC12,InChI=1S/C6H8FO2P/c7-10(89)3-6-4-1-2-5(4)6/h3-5H1-2H2(H89),JMOSTMJFLKFUHI-UHFFFAOYSA-N,,0,0.469761,0.413013,0.483979
116,132,Molecule_132,OP(=O)(F)C1CCCC=CC=1,1,OP(=O)(F)C1CCCC=CC=1,InChI=1S/C7H10FO2P/c8-11(910)7-5-3-1-2-4-6-7/h135H246H2(H910),ODQRESVEAOZQQL-UHFFFAOYSA-N,,0,0.467659,0.46363,0.480225
118,134,Molecule_134,OP(=O)(F)C1CC2CC21,1,OP(=O)(F)C1CC2CC21,InChI=1S/C5H8FO2P/c6-9(78)5-2-3-1-4(3)5/h3-5H1-2H2(H78),IXKRIBOOKWAWGN-UHFFFAOYSA-N,,0,0.474629,0.474988,0.507065
119,135,Molecule_135,OP(=O)(F)CCC12CC1CC2,1,OP(=O)(F)CCC12CC1CC2,InChI=1S/C7H12FO2P/c8-11(910)4-3-7-2-1-6(7)5-7/h6H1-5H2(H910),LREZLQXGUPVDID-UHFFFAOYSA-N,,0,0.483437,0.48223,0.498489
121,137,Molecule_137,CC1CC1C=CP(O)(=O)F,1,CC1CC1C=CP(O)(=O)F,InChI=1S/C6H10FO2P/c1-5-4-6(5)2-3-10(78)9/h2-35-6H4H21H3(H89),LQQVIXPQXXCKQZ-UHFFFAOYSA-N,,0,0.464295,0.464479,0.48214
122,138,Molecule_138,OP(=O)(F)C1C2CC1C=C2,1,OP(=O)(F)C1C2CC1C=C2,InChI=1S/C6H8FO2P/c7-10(89)6-4-1-2-5(6)3-4/h1-24-6H3H2(H89),AMOBFMCJCZUIAJ-UHFFFAOYSA-N,,0,0.469444,0.469774,0.474931
125,142,Molecule_142,C=C1CCC1CP(O)(=O)F,1,C=C1CCC1CP(O)(=O)F,InChI=1S/C6H10FO2P/c1-5-2-3-6(5)4-10(78)9/h6H1-4H2(H89),BZADTHQUMNTUNH-UHFFFAOYSA-N,,0,0.478607,0.479077,0.500642
126,143,Molecule_143,OP(=O)(F)CCC1CCC21CC2,1,OP(=O)(F)CCC1CCC21CC2,InChI=1S/C8H14FO2P/c9-12(1011)6-2-7-1-3-8(7)4-5-8/h7H1-6H2(H1011),VZDQWUMIZPKVEE-UHFFFAOYSA-N,,0,0.476814,0.477086,0.489797
127,144,Molecule_144,CC1CC1CCP(O)(=O)F,1,CC1CC1CCP(O)(=O)F,InChI=1S/C6H12FO2P/c1-5-4-6(5)2-3-10(78)9/h5-6H2-4H21H3(H89),NODQEGRVUYYVLV-UHFFFAOYSA-N,,0,0.477995,0.478893,0.490458
128,145,Molecule_145,OP(=O)(F)CC1CC2CC12,1,OP(=O)(F)CC1CC2CC12,InChI=1S/C6H10FO2P/c7-10(89)3-5-1-4-2-6(4)5/h4-6H1-3H2(H89),VRGKEZFZAIELMJ-UHFFFAOYSA-N,,0,0.478839,0.478927,0.484462
130,147,Molecule_147,OP(=O)(F)CCC1C2CC21,1,OP(=O)(F)CCC1C2CC21,InChI=1S/C6H10FO2P/c7-10(89)2-1-4-5-3-6(4)5/h4-6H1-3H2(H89),TYGGUZNTJCZVDK-UHFFFAOYSA-N,,0,0.478892,0.47837,0.495035
131,148,Molecule_148,OP(=O)(F)C12CCC1CCCC2,1,OP(=O)(F)C12CCC1CCCC2,InChI=1S/C8H14FO2P/c9-12(1011)8-5-2-1-3-7(8)4-6-8/h7H1-6H2(H1011),HQESEJACFGJTMV-UHFFFAOYSA-N,,0,0.468806,0.47071,0.486759
132,149,Molecule_149,OP(=O)(F)C1CC21CCC2,1,OP(=O)(F)C1CC21CCC2,InChI=1S/C6H10FO2P/c7-10(89)5-4-6(5)2-1-3-6/h5H1-4H2(H89),ONEVITSGCPHOTQ-UHFFFAOYSA-N,,0,0.475091,0.47424,0.492228
135,152,Molecule_152,OP(=O)(F)C1C2C3CC2C13,1,OP(=O)(F)C1C2C3CC2C13,InChI=1S/C6H8FO2P/c7-10(89)6-4-2-1-3(4)5(2)6/h2-6H1H2(H89),SQYMSXQOYOQSCY-UHFFFAOYSA-N,,0,0.260585,0.473681,0.443884
136,153,Molecule_153,C=CC=C1CC1P(O)(=O)F,1,C=CC=C1CC1P(O)(=O)F,InChI=1S/C6H8FO2P/c1-2-3-5-4-6(5)10(78)9/h2-36H14H2(H89),LQTAEFDLRAGPGX-UHFFFAOYSA-N,,0,0.478219,0.480736,0.493277
138,155,Molecule_155,OP(=O)(F)C12CC1CC=CC2,1,OP(=O)(F)C12CC1CC=CC2,InChI=1S/C7H10FO2P/c8-11(910)7-4-2-1-3-6(7)5-7/h1-26H3-5H2(H910),MQKWRLZNGDVBAH-UHFFFAOYSA-N,,0,0.476685,0.471964,0.494444
139,156,Molecule_156,OP(=O)(F)C1C2CCCC21,1,OP(=O)(F)C1C2CCCC21,InChI=1S/C6H10FO2P/c7-10(89)6-4-2-1-3-5(4)6/h4-6H1-3H2(H89),SVIZDUNIHBNSJH-UHFFFAOYSA-N,,0,0.473674,0.472544,0.49625
140,157,Molecule_157,OP(=O)(F)CC1C2CC1C2,1,OP(=O)(F)CC1C2CC1C2,InChI=1S/C6H10FO2P/c7-10(89)3-6-4-1-5(6)2-4/h4-6H1-3H2(H89),BUKQCUOWUBGWTC-UHFFFAOYSA-N,,0,0.476512,0.477506,0.459851
141,158,Molecule_158,CC1CC(CC=C1)P(O)(=O)F,1,CC1CC(CC=C1)P(O)(=O)F,InChI=1S/C7H12FO2P/c1-6-3-2-4-7(5-6)11(89)10/h2-36-7H4-5H21H3(H910),OMHCSJCKRGQAQJ-UHFFFAOYSA-N,,0,0.474705,0.47563,0.497367
142,159,Molecule_159,OP(=O)(F)C1CC2(C1)CC2,1,OP(=O)(F)C1CC2(C1)CC2,InChI=1S/C6H10FO2P/c7-10(89)5-3-6(4-5)1-2-6/h5H1-4H2(H89),COLCJVOZNAKNKM-UHFFFAOYSA-N,,0,0.472227,0.471977,0.486634
143,160,Molecule_160,OP(=O)(F)C12CC=C1C2,1,OP(=O)(F)C12CC=C1C2,InChI=1S/C5H6FO2P/c6-9(78)5-2-1-4(5)3-5/h1H2-3H2(H78),HDANQHCBFDEVEP-UHFFFAOYSA-N,,0,0.457273,0.46427,0.46653
145,162,Molecule_162,OP(=O)(F)C12CCC31CC32,1,OP(=O)(F)C12CCC31CC32,InChI=1S/C6H8FO2P/c7-10(89)6-2-1-5(6)3-4(5)6/h4H1-3H2(H89),IAHRKBHTBAFGID-UHFFFAOYSA-N,,0,0.469585,0.468206,0.476536
146,163,Molecule_163,CC(=C)C=C=CCP(O)(=O)F,1,CC(=C)C=C=CCP(O)(=O)F,InChI=1S/C7H10FO2P/c1-7(2)5-3-4-6-11(89)10/h4-5H16H22H3(H910),OCKDIRGTVDTHCI-UHFFFAOYSA-N,,0,0.476524,0.478394,0.480065
147,165,Molecule_165,OP(=O)(F)CC=CC1CCC1,1,OP(=O)(F)CC=CC1CCC1,InChI=1S/C7H12FO2P/c8-11(910)6-2-5-7-3-1-4-7/h257H13-46H2(H910),IWIBWZREXBWSTQ-UHFFFAOYSA-N,,0,0.477318,0.47643,0.487044
148,166,Molecule_166,OP(=O)(F)CC1CCC2CCC12,1,OP(=O)(F)CC1CCC2CCC12,InChI=1S/C8H14FO2P/c9-12(1011)5-7-2-1-6-3-4-8(6)7/h6-8H1-5H2(H1011),CEPDOKLMQFXPEC-UHFFFAOYSA-N,,0,0.479442,0.479857,0.491136
149,167,Molecule_167,OP(=O)(F)CC1C2CCC21,1,OP(=O)(F)CC1C2CCC21,InChI=1S/C6H10FO2P/c7-10(89)3-6-4-1-2-5(4)6/h4-6H1-3H2(H89),OGZJAEQMISZNFZ-UHFFFAOYSA-N,,0,0.479431,0.479444,0.487201
150,168,Molecule_168,C=C1CC1CCCP(O)(=O)F,1,C=C1CC1CCCP(O)(=O)F,InChI=1S/C7H12FO2P/c1-6-5-7(6)3-2-4-11(89)10/h7H1-5H2(H910),SEEVSXKGZAFGDS-UHFFFAOYSA-N,,0,0.48023,0.478617,0.493205
153,171,Molecule_171,OP(=O)(F)C1=CC=CCC=C1,1,OP(=O)(F)C1=CC=CCC=C1,InChI=1S/C7H8FO2P/c8-11(910)7-5-3-1-2-4-6-7/h13-6H2H2(H910),SLAPFDWBLQIDGR-UHFFFAOYSA-N,,0,0.469144,0.470325,0.484953
154,172,Molecule_172,OP(=O)(F)CC12CC1CC2,1,OP(=O)(F)CC12CC1CC2,InChI=1S/C6H10FO2P/c7-10(89)4-6-2-1-5(6)3-6/h5H1-4H2(H89),ZTOUYJAXIHSMFA-UHFFFAOYSA-N,,0,0.480527,0.480756,0.489577
155,173,Molecule_173,CC1C2CC1C2P(O)(=O)F,1,CC1C2CC1C2P(O)(=O)F,InChI=1S/C6H10FO2P/c1-3-4-2-5(3)6(4)10(78)9/h3-6H2H21H3(H89),BNJNJLCBYDYSOK-UHFFFAOYSA-N,,0,0.475418,0.47584,0.502156
156,174,Molecule_174,OP(=O)(F)CC1CCCC=CC=1,1,OP(=O)(F)CC1CCCC=CC=1,InChI=1S/C8H12FO2P/c9-12(1011)7-8-5-3-1-2-4-6-8/h135H246-7H2(H1011),AMGNBIUEBAPMEQ-UHFFFAOYSA-N,,0,0.481372,0.478069,0.490974
157,175,Molecule_175,CC1(CC1CP(O)(=O)F)C=C,1,CC1(CC1CP(O)(=O)F)C=C,InChI=1S/C7H12FO2P/c1-3-7(2)4-6(7)5-11(89)10/h36H14-5H22H3(H910),WMVNPFTXLCXAES-UHFFFAOYSA-N,,0,0.477687,0.478062,0.48933
158,176,Molecule_176,OP(=O)(F)CCCC=C1CC1,1,OP(=O)(F)CCCC=C1CC1,InChI=1S/C7H12FO2P/c8-11(910)6-2-1-3-7-4-5-7/h3H1-24-6H2(H910),JRFSXCHYGCNAAI-UHFFFAOYSA-N,,0,0.477284,0.477838,0.49134
159,177,Molecule_177,CCC1(CP(O)(=O)F)CC1,1,CCC1(CP(O)(=O)F)CC1,InChI=1S/C6H12FO2P/c1-2-6(3-4-6)5-10(78)9/h2-5H21H3(H89),SRGKILPRFYCIJW-UHFFFAOYSA-N,,0,0.484296,0.48364,0.490037
162,180,Molecule_180,CC12CC1CC2P(O)(=O)F,1,CC12CC1CC2P(O)(=O)F,InChI=1S/C6H10FO2P/c1-6-3-4(6)2-5(6)10(78)9/h4-5H2-3H21H3(H89),BEEISMYOTCRLSI-UHFFFAOYSA-N,,0,0.470106,0.47152,0.478342
163,181,Molecule_181,OP(=O)(F)CC12C3C1CC23,1,OP(=O)(F)CC12C3C1CC23,InChI=1S/C6H8FO2P/c7-10(89)2-6-3-1-4(6)5(3)6/h3-5H1-2H2(H89),PKOLIXWEZBFDSL-UHFFFAOYSA-N,,0,0.483937,0.48315,0.491344
165,184,Molecule_184,OP(=O)(F)C1CC=CC21CC2,1,OP(=O)(F)C1CC=CC21CC2,InChI=1S/C7H10FO2P/c8-11(910)6-2-1-3-7(6)4-5-7/h136H24-5H2(H910),YFNFLJSALRLSDL-UHFFFAOYSA-N,,0,0.4781,0.47396,0.482124
166,185,Molecule_185,OP(=O)(F)C12CC1C1CCC21,1,OP(=O)(F)C12CC1C1CCC21,InChI=1S/C7H10FO2P/c8-11(910)7-3-6(7)4-1-2-5(4)7/h4-6H1-3H2(H910),XZGVMBITOKSDTN-UHFFFAOYSA-N,,0,0.470181,0.470125,0.427012
167,186,Molecule_186,OP(=O)(F)CC1CCC2CC21,1,OP(=O)(F)CC1CCC2CC21,InChI=1S/C7H12FO2P/c8-11(910)4-6-2-1-5-3-7(5)6/h5-7H1-4H2(H910),UODHEHCYNMQRNB-UHFFFAOYSA-N,,0,0.480683,0.47985,0.488307
168,187,Molecule_187,C=CC=C1CC1CP(O)(=O)F,1,C=CC=C1CC1CP(O)(=O)F,InChI=1S/C7H10FO2P/c1-2-3-6-4-7(6)5-11(89)10/h2-37H14-5H2(H910),PXCNHGLJGNHANQ-UHFFFAOYSA-N,,0,0.476884,0.480485,0.492947
169,188,Molecule_188,CC1C2CCCC21P(O)(=O)F,1,CC1C2CCCC21P(O)(=O)F,InChI=1S/C7H12FO2P/c1-5-6-3-2-4-7(56)11(89)10/h5-6H2-4H21H3(H910),PPOPWTRFCILMRQ-UHFFFAOYSA-N,,0,0.468315,0.468305,0.485612
170,189,Molecule_189,CC1(CCC1)CCP(O)(=O)F,1,CC1(CCC1)CCP(O)(=O)F,InChI=1S/C7H14FO2P/c1-7(3-2-4-7)5-6-11(89)10/h2-6H21H3(H910),OLMVJFRRGUEKFW-UHFFFAOYSA-N,,0,0.481058,0.478938,0.490119
171,190,Molecule_190,CC1CC2CC2(C1)P(O)(=O)F,1,CC1CC2CC2(C1)P(O)(=O)F,InChI=1S/C7H12FO2P/c1-5-2-6-4-7(63-5)11(89)10/h5-6H2-4H21H3(H910),XWLLPWXNTODDMI-UHFFFAOYSA-N,,0,0.473767,0.470338,0.487325
172,191,Molecule_191,OP(=O)(F)C1CCC2CC1C2,1,OP(=O)(F)C1CCC2CC1C2,InChI=1S/C7H12FO2P/c8-11(910)7-2-1-5-3-6(7)4-5/h5-7H1-4H2(H910),MOZTZYICZKGCDI-UHFFFAOYSA-N,,0,0.478139,0.476194,0.490908
173,192,Molecule_192,OP(=O)(F)C1CCCCC21CC2,1,OP(=O)(F)C1CCCCC21CC2,InChI=1S/C8H14FO2P/c9-12(1011)7-3-1-2-4-8(7)5-6-8/h7H1-6H2(H1011),WCKWIKSEUQESNR-UHFFFAOYSA-N,,0,0.481365,0.482227,0.490423
174,193,Molecule_193,OP(=O)(F)CC12CC1CC=CC2,1,OP(=O)(F)CC12CC1CC=CC2,InChI=1S/C8H12FO2P/c9-12(1011)6-8-4-2-1-3-7(8)5-8/h1-27H3-6H2(H1011),RGDGNZKEQFMRDO-UHFFFAOYSA-N,,0,0.485862,0.486723,0.495659
175,194,Molecule_194,OP(=O)(F)C12C3CCC1CC23,1,OP(=O)(F)C12C3CCC1CC23,InChI=1S/C7H10FO2P/c8-11(910)7-4-1-2-5(7)6(7)3-4/h4-6H1-3H2(H910),VFRKMANUWVIIHD-UHFFFAOYSA-N,,0,0.468942,0.46532,0.486692
176,195,Molecule_195,CC12CC1C2P(O)(=O)F,1,CC12CC1C2P(O)(=O)F,InChI=1S/C5H8FO2P/c1-5-2-3(5)4(5)9(67)8/h3-4H2H21H3(H78),INAJTRBIILJXLQ-UHFFFAOYSA-N,,0,0.481073,0.480663,0.497808
177,196,Molecule_196,OP(=O)(F)CCC1CC2CC12,1,OP(=O)(F)CCC1CC2CC12,InChI=1S/C7H12FO2P/c8-11(910)2-1-5-3-6-4-7(5)6/h5-7H1-4H2(H910),TYYKXXVFCGRDOD-UHFFFAOYSA-N,,0,0.48044,0.479,0.488614
178,197,Molecule_197,OP(=O)(F)CC1CC21CCC2,1,OP(=O)(F)CC1CC21CCC2,InChI=1S/C7H12FO2P/c8-11(910)5-6-4-7(6)2-1-3-7/h6H1-5H2(H910),MGOYBZNLXXPMEX-UHFFFAOYSA-N,,0,0.481509,0.478862,0.488299
179,198,Molecule_198,OP(=O)(F)CC1CC2CCC21,1,OP(=O)(F)CC1CC2CCC21,InChI=1S/C7H12FO2P/c8-11(910)4-6-3-5-1-2-7(5)6/h5-7H1-4H2(H910),ZZGMRWWBDAPGQS-UHFFFAOYSA-N,,0,0.479638,0.479062,0.450369
180,199,Molecule_199,CC1CC2C1CC2P(O)(=O)F,1,CC1CC2C1CC2P(O)(=O)F,InChI=1S/C7H12FO2P/c1-4-2-6-5(4)3-7(6)11(89)10/h4-7H2-3H21H3(H910),AFFMPAVRDRVABY-UHFFFAOYSA-N,,0,0.469517,0.469757,0.353366
181,200,Molecule_200,OP(=O)(F)C1C2C3CC123,1,OP(=O)(F)C1C2C3CC123,InChI=1S/C5H6FO2P/c6-9(78)4-3-2-1-5(23)4/h2-4H1H2(H78),QLADMJDUQLQQSS-UHFFFAOYSA-N,,0,0.474625,0.478626,0.48908
182,201,Molecule_201,OP(=O)(F)C1C=CCCCCC=1,1,OP(=O)(F)C1C=CCCCCC=1,InChI=1S/C8H12FO2P/c9-12(1011)8-6-4-2-1-3-5-7-8/h46-7H1-35H2(H1011),UQOSONBIQIZKHB-UHFFFAOYSA-N,,0,0.465155,0.464856,0.486573
183,202,Molecule_202,OP(=O)(F)CCC12C3C1CC23,1,OP(=O)(F)CCC12C3C1CC23,InChI=1S/C7H10FO2P/c8-11(910)2-1-7-4-3-5(7)6(4)7/h4-6H1-3H2(H910),HBYVFBMAKGYXJY-UHFFFAOYSA-N,,0,0.477465,0.478304,0.501449
184,203,Molecule_203,CC(CP(O)(=O)F)CCCC1CC1,1,CC(CP(O)(=O)F)CCCC1CC1,InChI=1S/C9H18FO2P/c1-8(7-13(1011)12)3-2-4-9-5-6-9/h8-9H2-7H21H3(H1112),NNYFKNCJMPWQGU-UHFFFAOYSA-N,,0,0.488354,0.483963,0.494529
185,204,Molecule_204,OP(=O)(F)CC1C=CCC=CC=1,1,OP(=O)(F)CC1C=CCC=CC=1,InChI=1S/C8H10FO2P/c9-12(1011)7-8-5-3-1-2-4-6-8/h13-6H27H2(H1011),AHVDZFZABBXSPN-UHFFFAOYSA-N,,0,0.482723,0.476868,0.489149
186,205,Molecule_205,OP(=O)(F)C12CC3CC3C1C2,1,OP(=O)(F)C12CC3CC3C1C2,InChI=1S/C7H10FO2P/c8-11(910)7-2-4-1-5(4)6(7)3-7/h4-6H1-3H2(H910),MNMMOAPGPVHCQT-UHFFFAOYSA-N,,0,0.474379,0.473308,0.487669
187,206,Molecule_206,OP(=O)(F)CC12CC1CCC2,1,OP(=O)(F)CC12CC1CCC2,InChI=1S/C7H12FO2P/c8-11(910)5-7-3-1-2-6(7)4-7/h6H1-5H2(H910),DSYSQKSMUOUAFH-UHFFFAOYSA-N,,0,0.477698,0.477403,0.489195
188,207,Molecule_207,OP(=O)(F)CC1C2CC1CC2,1,OP(=O)(F)CC1C2CC1CC2,InChI=1S/C7H12FO2P/c8-11(910)4-7-5-1-2-6(7)3-5/h5-7H1-4H2(H910),LFTDQPDHISVPPE-UHFFFAOYSA-N,,0,0.47736,0.479083,0.487391
189,208,Molecule_208,OP(=O)(F)CCC1C2CCC21,1,OP(=O)(F)CCC1C2CCC21,InChI=1S/C7H12FO2P/c8-11(910)4-3-7-5-1-2-6(5)7/h5-7H1-4H2(H910),WHRKRUPKHPYQPS-UHFFFAOYSA-N,,0,0.485815,0.479686,0.490398
190,209,Molecule_209,OP(=O)(F)CC1C2CCCC21,1,OP(=O)(F)CC1C2CCCC21,InChI=1S/C7H12FO2P/c8-11(910)4-7-5-2-1-3-6(5)7/h5-7H1-4H2(H910),JZXKVUCTDBDZEP-UHFFFAOYSA-N,,0,0.477984,0.480098,0.487064
191,210,Molecule_210,CC1=CCC=CC=C1P(O)(=O)F,1,CC1=CCC=CC=C1P(O)(=O)F,InChI=1S/C8H10FO2P/c1-7-5-3-2-4-6-8(7)12(910)11/h24-6H3H21H3(H1011),CAMSYFZVLGCWHO-UHFFFAOYSA-N,,0,0.469032,0.466666,0.475401
192,211,Molecule_211,OP(=O)(F)CCCC1C2CC21,1,OP(=O)(F)CCCC1C2CC21,InChI=1S/C7H12FO2P/c8-11(910)3-1-2-5-6-4-7(5)6/h5-7H1-4H2(H910),AZRKPJOVOLAWMS-UHFFFAOYSA-N,,0,0.477899,0.477376,0.486296
193,212,Molecule_212,CC1(C)CCCC1P(O)(=O)F,1,CC1(C)CCCC1P(O)(=O)F,InChI=1S/C7H14FO2P/c1-7(2)5-3-4-6(7)11(89)10/h6H3-5H21-2H3(H910),PCXHNNZZDDHMEB-UHFFFAOYSA-N,,0,0.478448,0.477767,0.494602
194,213,Molecule_213,CC1(CCC2CC12)P(O)(=O)F,1,CC1(CCC2CC12)P(O)(=O)F,InChI=1S/C7H12FO2P/c1-7(11(89)10)3-2-5-4-6(5)7/h5-6H2-4H21H3(H910),AYFWFHJGMSGZSJ-UHFFFAOYSA-N,,0,0.470782,0.470367,0.489095
196,215,Molecule_215,OP(=O)(F)CCCCC=C1CC1,1,OP(=O)(F)CCCCC=C1CC1,InChI=1S/C8H14FO2P/c9-12(1011)7-3-1-2-4-8-5-6-8/h4H1-35-7H2(H1011),QCTDUQNLNHFSER-UHFFFAOYSA-N,,0,0.476665,0.477665,0.486119
197,216,Molecule_216,CC1CCC2(CC21)P(O)(=O)F,1,CC1CCC2(CC21)P(O)(=O)F,InChI=1S/C7H12FO2P/c1-5-2-3-7(4-6(5)7)11(89)10/h5-6H2-4H21H3(H910),KZUZSVJJWMBTAC-UHFFFAOYSA-N,,0,0.394253,0.465231,0.452107
198,217,Molecule_217,OP(=O)(F)C12CC=CCCC1C2,1,OP(=O)(F)C12CC=CCCC1C2,InChI=1S/C8H12FO2P/c9-12(1011)8-5-3-1-2-4-7(8)6-8/h137H24-6H2(H1011),LURZCDPYNQJEDZ-UHFFFAOYSA-N,,0,0.468806,0.468798,0.494611
199,218,Molecule_218,OP(=O)(F)C1C2CC1C1CC12,1,OP(=O)(F)C1C2CC1C1CC12,InChI=1S/C7H10FO2P/c8-11(910)7-5-2-6(7)4-1-3(4)5/h3-7H1-2H2(H910),IAZWPCMQURMSDN-UHFFFAOYSA-N,,0,0.471159,0.471818,0.486623
200,219,Molecule_219,OP(=O)(F)CCC1CC21CC2,1,OP(=O)(F)CCC1CC21CC2,InChI=1S/C7H12FO2P/c8-11(910)4-1-6-5-7(6)2-3-7/h6H1-5H2(H910),NOZRSUBNYFVSDZ-UHFFFAOYSA-N,,0,0.47843,0.477489,0.487477
201,220,Molecule_220,CC1C2CC21CCP(O)(=O)F,1,CC1C2CC21CCP(O)(=O)F,InChI=1S/C7H12FO2P/c1-5-6-4-7(56)2-3-11(89)10/h5-6H2-4H21H3(H910),JTVDWDWYKAWLPU-UHFFFAOYSA-N,,0,0.482195,0.480556,0.48932
202,221,Molecule_221,CC1(CCP(O)(=O)F)CCCCC1,1,CC1(CCP(O)(=O)F)CCCCC1,InChI=1S/C9H18FO2P/c1-9(5-3-2-4-6-9)7-8-13(1011)12/h2-8H21H3(H1112),KJXIQFFFBALVLL-UHFFFAOYSA-N,,0,0.478426,0.47698,0.497658
204,223,Molecule_223,OP(=O)(F)CCC1CC2CC1CC2,1,OP(=O)(F)CCC1CC2CC1CC2,InChI=1S/C9H16FO2P/c10-13(1112)4-3-9-6-7-1-2-8(9)5-7/h7-9H1-6H2(H1112),GUKVXPXGMWYWLP-UHFFFAOYSA-N,,0,0.476384,0.476984,0.485411
205,224,Molecule_224,OP(=O)(F)C12CC3C1CCC23,1,OP(=O)(F)C12CC3C1CCC23,InChI=1S/C7H10FO2P/c8-11(910)7-3-4-5(7)1-2-6(4)7/h4-6H1-3H2(H910),XRFJFSYSOFZLFV-UHFFFAOYSA-N,,0,0.472203,0.470921,0.495039
206,225,Molecule_225,CC1CCC1OP(C)(=O)F,1,CC1CCC1OP(C)(=O)F,InChI=1S/C6H12FO2P/c1-5-3-4-6(5)9-10(27)8/h5-6H3-4H21-2H3,NQVYCPSVEHXSOQ-UHFFFAOYSA-N,,0,0.473012,0.478805,0.496195
207,226,Molecule_226,CC1=CCCC1OP(C)(=O)F,1,CC1=CCCC1OP(C)(=O)F,InChI=1S/C7H12FO2P/c1-6-4-3-5-7(6)10-11(28)9/h47H35H21-2H3,VAJIQWUSKSVVIS-UHFFFAOYSA-N,,0,0.475307,0.475874,0.497706
208,227,Molecule_227,CP(=O)(F)OC12CC1CC2,1,CP(=O)(F)OC12CC1CC2,InChI=1S/C6H10FO2P/c1-10(78)9-6-3-2-5(6)4-6/h5H2-4H21H3,PDTRTRPIBQSZPC-UHFFFAOYSA-N,,0,0.48172,0.479944,0.487041
209,228,Molecule_228,CCC1CC1=COP(C)(=O)F,1,CCC1CC1=COP(C)(=O)F,InChI=1S/C7H12FO2P/c1-3-6-4-7(6)5-10-11(28)9/h5-6H3-4H21-2H3,YODVBTIXJZHJNB-UHFFFAOYSA-N,,0,0.486242,,0.502062
210,229,Molecule_229,CP(=O)(F)OC1CC2CC1CC2,1,CP(=O)(F)OC1CC2CC1CC2,InChI=1S/C8H14FO2P/c1-12(910)11-8-5-6-2-3-7(8)4-6/h6-8H2-5H21H3,IRNWWIZIHZLMSV-UHFFFAOYSA-N,,0,0.478222,0.478062,0.503031
211,230,Molecule_230,CP(=O)(F)OCC1C2CC12,1,CP(=O)(F)OCC1C2CC12,InChI=1S/C6H10FO2P/c1-10(78)9-3-6-4-2-5(4)6/h4-6H2-3H21H3,ZWEVNTFCTSQEFE-UHFFFAOYSA-N,,0,0.476828,0.475689,0.494804
212,231,Molecule_231,CC1CC1(C)OP(C)(=O)F,1,CC1CC1(C)OP(C)(=O)F,InChI=1S/C6H12FO2P/c1-5-4-6(52)9-10(37)8/h5H4H21-3H3,IIRJJCAQVAMKSK-UHFFFAOYSA-N,,0,0.480658,0.481283,0.50431
213,232,Molecule_232,CC1C2CC12OP(C)(=O)F,1,CC1C2CC12OP(C)(=O)F,InChI=1S/C6H10FO2P/c1-4-5-3-6(45)9-10(27)8/h4-5H3H21-2H3,VFTDZBVPRMDJSR-UHFFFAOYSA-N,,0,0.485147,0.481257,0.503554
214,233,Molecule_233,CCC=C1CC1OP(C)(=O)F,1,CCC=C1CC1OP(C)(=O)F,InChI=1S/C7H12FO2P/c1-3-4-6-5-7(6)10-11(28)9/h47H35H21-2H3,OJYILSOYVSZAFW-UHFFFAOYSA-N,,0,0.476615,0.478129,0.493138
215,234,Molecule_234,CP(=O)(F)OC1=CC2CC1=2,1,CP(=O)(F)OC1=CC2CC1=2,InChI=1S/C6H6FO2P/c1-10(78)9-6-3-4-2-5(4)6/h3H2H21H3,JVKXDZMRIRJWJX-UHFFFAOYSA-N,,0,0.489224,0.500691,0.513202
216,235,Molecule_235,CP(=O)(F)OC1CC21CC2,1,CP(=O)(F)OC1CC21CC2,InChI=1S/C6H10FO2P/c1-10(78)9-5-4-6(5)2-3-6/h5H2-4H21H3,KLBVFMZAPQZIAV-UHFFFAOYSA-N,,0,0.476981,0.479645,0.495348
218,237,Molecule_237,CP(=O)(F)OC1CC2CC21,1,CP(=O)(F)OC1CC2CC21,InChI=1S/C6H10FO2P/c1-10(78)9-6-3-4-2-5(4)6/h4-6H2-3H21H3,HPGGNDYXBCKZBE-UHFFFAOYSA-N,,0,0.482073,0.477721,0.504221
219,238,Molecule_238,CCC=C(C)C=COP(C)(=O)F,1,CCC=C(C)C=COP(C)(=O)F,InChI=1S/C8H14FO2P/c1-4-5-8(2)6-7-11-12(39)10/h5-7H4H21-3H3,CRAPFKHWZZNHQD-UHFFFAOYSA-N,,0,0.484508,0.484643,0.507072
220,239,Molecule_239,CC12CC1CCC2OP(C)(=O)F,1,CC12CC1CCC2OP(C)(=O)F,InChI=1S/C8H14FO2P/c1-8-5-6(8)3-4-7(8)11-12(29)10/h6-7H3-5H21-2H3,FTTUQAXZLXEYCH-UHFFFAOYSA-N,,0,0.47469,0.477781,0.500154
221,240,Molecule_240,CP(=O)(F)OCC=CC1CC1,1,CP(=O)(F)OCC=CC1CC1,InChI=1S/C7H12FO2P/c1-11(89)10-6-2-3-7-4-5-7/h2-37H4-6H21H3,OJNAQCQIVVHSKF-UHFFFAOYSA-N,,0,0.473658,0.475217,0.494852
222,241,Molecule_241,CC1(CC1C=C)OP(C)(=O)F,1,CC1(CC1C=C)OP(C)(=O)F,InChI=1S/C7H12FO2P/c1-4-6-5-7(62)10-11(38)9/h46H15H22-3H3,UURVDCAYIJMALE-UHFFFAOYSA-N,,0,0.477268,0.479232,0.493135
223,242,Molecule_242,CP(=O)(F)OC1CC2CCC2C1,1,CP(=O)(F)OC1CC2CCC2C1,InChI=1S/C8H14FO2P/c1-12(910)11-8-4-6-2-3-7(6)5-8/h6-8H2-5H21H3,VBRKCIVALSKYKJ-UHFFFAOYSA-N,,0,0.471374,0.472017,0.484388
225,244,Molecule_244,CP(=O)(F)OC1CCC=CC=C1,1,CP(=O)(F)OC1CCC=CC=C1,InChI=1S/C8H12FO2P/c1-12(910)11-8-6-4-2-3-5-7-8/h2-468H57H21H3,JCVFEDBLZBQQBC-UHFFFAOYSA-N,,0,0.473198,0.478616,0.497657
226,245,Molecule_245,CP(=O)(F)OC1C2C3C1C32,1,CP(=O)(F)OC1C2C3C1C32,InChI=1S/C6H8FO2P/c1-10(78)9-6-4-2-3(4)5(2)6/h2-6H1H3,HUCKWUXRQUVIOH-UHFFFAOYSA-N,,0,0.479879,0.475285,0.497921
227,246,Molecule_246,CP(=O)(F)OCC1CC2CC2C1,1,CP(=O)(F)OCC1CC2CC2C1,InChI=1S/C8H14FO2P/c1-12(910)11-5-6-2-7-4-8(7)3-6/h6-8H2-5H21H3,TXXBEIYAUGXPBT-UHFFFAOYSA-N,,0,0.474237,0.475561,0.499267
229,248,Molecule_248,CC1CC(C=C1)OP(C)(=O)F,1,CC1CC(C=C1)OP(C)(=O)F,InChI=1S/C7H12FO2P/c1-6-3-4-7(5-6)10-11(28)9/h3-46-7H5H21-2H3,USNKMHJLNSBSLG-UHFFFAOYSA-N,,0,0.472794,0.472728,0.499307
230,249,Molecule_249,CP(=O)(F)OC1CC2CC2CC1,1,CP(=O)(F)OC1CC2CC2CC1,InChI=1S/C8H14FO2P/c1-12(910)11-8-3-2-6-4-7(6)5-8/h6-8H2-5H21H3,CIQBJQYRAIXXLX-UHFFFAOYSA-N,,0,0.473035,0.472142,0.484721
231,250,Molecule_250,CC12CC1CC2OP(C)(=O)F,1,CC12CC1CC2OP(C)(=O)F,InChI=1S/C7H12FO2P/c1-7-4-5(7)3-6(7)10-11(28)9/h5-6H3-4H21-2H3,NSYMYQWIJOFINX-UHFFFAOYSA-N,,0,0.478684,0.478986,0.493516
232,251,Molecule_251,CCCC1(C)CC1OP(C)(=O)F,1,CCCC1(C)CC1OP(C)(=O)F,InChI=1S/C8H16FO2P/c1-4-5-8(2)6-7(8)11-12(39)10/h7H4-6H21-3H3,PJOPTCRVNHPVBA-UHFFFAOYSA-N,,0,0.483152,0.481246,0.504516
233,252,Molecule_252,CC(C)C(C)=COP(C)(=O)F,1,CC(C)C(C)=COP(C)(=O)F,InChI=1S/C7H14FO2P/c1-6(2)7(3)5-10-11(48)9/h5-6H1-4H3,URASOMOVFFGNBD-UHFFFAOYSA-N,,0,0.479149,0.483725,0.508765
235,254,Molecule_254,CP(=O)(F)OC1CC=CC=CC1,1,CP(=O)(F)OC1CC=CC=CC1,InChI=1S/C8H12FO2P/c1-12(910)11-8-6-4-2-3-5-7-8/h2-58H6-7H21H3,CVTPBYDLGYMWGT-UHFFFAOYSA-N,,0,0.476754,0.475853,0.502828
237,256,Molecule_256,CC1CCCC(C1)OP(C)(=O)F,1,CC1CCCC(C1)OP(C)(=O)F,InChI=1S/C8H16FO2P/c1-7-4-3-5-8(6-7)11-12(29)10/h7-8H3-6H21-2H3,JWDDOQJAIZHJGJ-UHFFFAOYSA-N,,0,0.469577,0.475397,0.492241
238,257,Molecule_257,CC12CC1C2OP(C)(=O)F,1,CC12CC1C2OP(C)(=O)F,InChI=1S/C6H10FO2P/c1-6-3-4(6)5(6)9-10(27)8/h4-5H3H21-2H3,HDDXSNKAFNJJRT-UHFFFAOYSA-N,,0,0.475513,0.475044,0.514515
239,258,Molecule_258,CP(=O)(F)OC1C2CC1CCC2,1,CP(=O)(F)OC1C2CC1CCC2,InChI=1S/C8H14FO2P/c1-12(910)11-8-6-3-2-4-7(8)5-6/h6-8H2-5H21H3,CWLCHALONRFTPQ-UHFFFAOYSA-N,,0,0.478875,0.479127,0.501343
240,259,Molecule_259,CP(=O)(F)OC1CC2CC2C1,1,CP(=O)(F)OC1CC2CC2C1,InChI=1S/C7H12FO2P/c1-11(89)10-7-3-5-2-6(5)4-7/h5-7H2-4H21H3,ZDIBTFNBLDWEKD-UHFFFAOYSA-N,,0,0.475183,0.476897,0.493574
241,260,Molecule_260,CC1C2CC2CC1OP(C)(=O)F,1,CC1C2CC2CC1OP(C)(=O)F,InChI=1S/C8H14FO2P/c1-5-7-3-6(7)4-8(5)11-12(29)10/h5-8H3-4H21-2H3,JQKMAWQYAUHURN-UHFFFAOYSA-N,,0,0.482679,0.47916,0.508244
242,261,Molecule_261,CP(=O)(F)OC1C2CCC21,1,CP(=O)(F)OC1C2CCC21,InChI=1S/C6H10FO2P/c1-10(78)9-6-4-2-3-5(4)6/h4-6H2-3H21H3,IWXNNWOEZIDHGD-UHFFFAOYSA-N,,0,0.483643,0.480728,0.514242
243,262,Molecule_262,CCCCC1CC1OP(C)(=O)F,1,CCCCC1CC1OP(C)(=O)F,InChI=1S/C8H16FO2P/c1-3-4-5-7-6-8(7)11-12(29)10/h7-8H3-6H21-2H3,CQLMWNRNTCHJNK-UHFFFAOYSA-N,,0,0.483914,0.4841,0.50139
244,263,Molecule_263,CP(=O)(F)OC1CC1CC1CC1,1,CP(=O)(F)OC1CC1CC1CC1,InChI=1S/C8H14FO2P/c1-12(910)11-8-5-7(8)4-6-2-3-6/h6-8H2-5H21H3,ABIIFQUHCQEIOP-UHFFFAOYSA-N,,0,0.476846,0.47791,0.489628
245,264,Molecule_264,CC=C1CCC1OP(C)(=O)F,1,CC=C1CCC1OP(C)(=O)F,InChI=1S/C7H12FO2P/c1-3-6-4-5-7(6)10-11(28)9/h37H4-5H21-2H3,DPDCRAIJOMFCHA-UHFFFAOYSA-N,,0,0.475463,0.479044,0.495842
246,265,Molecule_265,CC=CC1CC1OP(C)(=O)F,1,CC=CC1CC1OP(C)(=O)F,InChI=1S/C7H12FO2P/c1-3-4-6-5-7(6)10-11(28)9/h3-46-7H5H21-2H3,YYNJAULDNBBLET-UHFFFAOYSA-N,,0,0.481612,0.480179,0.508587
247,266,Molecule_266,CP(=O)(F)OC1CC2CCCCC21,1,CP(=O)(F)OC1CC2CCCCC21,InChI=1S/C9H16FO2P/c1-13(1011)12-9-6-7-4-2-3-5-8(7)9/h7-9H2-6H21H3,GXYQDBPBTKQZEO-UHFFFAOYSA-N,,0,0.473185,0.474783,0.488545
248,267,Molecule_267,CP(=O)(F)OC1CCC2CC21,1,CP(=O)(F)OC1CCC2CC21,InChI=1S/C7H12FO2P/c1-11(89)10-7-3-2-5-4-6(5)7/h5-7H2-4H21H3,JXVOOKWQIJBOGJ-UHFFFAOYSA-N,,0,0.473825,0.472967,0.488491
249,268,Molecule_268,CC12C3C(OP(C)(=O)F)C1C23,1,CC12C3C(OP(C)(=O)F)C1C23,InChI=1S/C7H10FO2P/c1-7-3-4(7)6(5(3)7)10-11(28)9/h3-6H1-2H3,FDDYKWOKBXKGMI-UHFFFAOYSA-N,,0,0.475265,0.473748,0.490876
250,269,Molecule_269,CCC1C2CC21OP(C)(=O)F,1,CCC1C2CC21OP(C)(=O)F,InChI=1S/C7H12FO2P/c1-3-5-6-4-7(56)10-11(28)9/h5-6H3-4H21-2H3,HANOOJLFEMNGHJ-UHFFFAOYSA-N,,0,0.485756,0.482782,0.493211
251,270,Molecule_270,CP(=O)(F)OC1CC21CCC2,1,CP(=O)(F)OC1CC21CCC2,InChI=1S/C7H12FO2P/c1-11(89)10-6-5-7(6)3-2-4-7/h6H2-5H21H3,PIRBJYJMKAWTOA-UHFFFAOYSA-N,,0,0.480717,0.478774,0.497358
252,271,Molecule_271,CP(=O)(F)OC1CCC21CC2,1,CP(=O)(F)OC1CCC21CC2,InChI=1S/C7H12FO2P/c1-11(89)10-6-2-3-7(6)4-5-7/h6H2-5H21H3,IOGJKEUNYCGYSZ-UHFFFAOYSA-N,,0,0.479908,0.480518,0.501342
253,272,Molecule_272,CC1CCC(C=C1)OP(C)(=O)F,1,CC1CCC(C=C1)OP(C)(=O)F,InChI=1S/C8H14FO2P/c1-7-3-5-8(6-4-7)11-12(29)10/h357-8H46H21-2H3,WHEDGYLCCVJRDW-UHFFFAOYSA-N,,0,0.472875,0.473219,0.490071
254,273,Molecule_273,CP(=O)(F)OC=CC=C1CC1,1,CP(=O)(F)OC=CC=C1CC1,InChI=1S/C7H10FO2P/c1-11(89)10-6-2-3-7-4-5-7/h2-36H4-5H21H3,GZYOSRPZFXPESV-UHFFFAOYSA-N,,0,0.484641,0.489775,0.510013
255,274,Molecule_274,CP(=O)(F)OC1C=CCC2CC21,1,CP(=O)(F)OC1C=CCC2CC21,InChI=1S/C8H12FO2P/c1-12(910)11-8-4-2-3-6-5-7(6)8/h246-8H35H21H3,ZADIXQKSVBBCDB-UHFFFAOYSA-N,,0,0.473029,0.472436,0.491386
257,276,Molecule_276,CP(=O)(F)OC1=CCC=CC=C1,1,CP(=O)(F)OC1=CCC=CC=C1,InChI=1S/C8H10FO2P/c1-12(910)11-8-6-4-2-3-5-7-8/h2-46-7H5H21H3,PWKPYECVQJVBCH-UHFFFAOYSA-N,,0,0.47988,0.481105,0.492494
258,277,Molecule_277,CCCC1CC1=COP(C)(=O)F,1,CCCC1CC1=COP(C)(=O)F,InChI=1S/C8H14FO2P/c1-3-4-7-5-8(7)6-11-12(29)10/h6-7H3-5H21-2H3,AHLYUHNJDKPRGB-UHFFFAOYSA-N,,0,0.488738,0.488773,0.500264
259,278,Molecule_278,CC1(C)CCC1OP(C)(=O)F,1,CC1(C)CCC1OP(C)(=O)F,InChI=1S/C7H14FO2P/c1-7(2)5-4-6(7)10-11(38)9/h6H4-5H21-3H3,PWCTWZZVVUVJBB-UHFFFAOYSA-N,,0,0.477235,0.476045,0.502319
260,279,Molecule_279,CC1C2CCC12OP(C)(=O)F,1,CC1C2CCC12OP(C)(=O)F,InChI=1S/C7H12FO2P/c1-5-6-3-4-7(56)10-11(28)9/h5-6H3-4H21-2H3,PLSOZCOIQKNQIO-UHFFFAOYSA-N,,0,0.480289,0.481867,0.496221
261,280,Molecule_280,CP(=O)(F)OC12CC1CCC2,1,CP(=O)(F)OC12CC1CCC2,InChI=1S/C7H12FO2P/c1-11(89)10-7-4-2-3-6(7)5-7/h6H2-5H21H3,DZXYXJKLURSNJL-UHFFFAOYSA-N,,0,0.475697,0.473565,0.486229
262,281,Molecule_281,CP(=O)(F)OC1CC2CCC21,1,CP(=O)(F)OC1CC2CCC21,InChI=1S/C7H12FO2P/c1-11(89)10-7-4-5-2-3-6(5)7/h5-7H2-4H21H3,DHYXMGCUPVEWKI-UHFFFAOYSA-N,,0,0.474694,0.476584,0.481271
263,282,Molecule_282,CC1C2CCC2CC1OP(C)(=O)F,1,CC1C2CCC2CC1OP(C)(=O)F,InChI=1S/C9H16FO2P/c1-6-8-4-3-7(8)5-9(6)12-13(210)11/h6-9H3-5H21-2H3,GWNIYYCHSKCADV-UHFFFAOYSA-N,,0,0.476246,0.476543,0.486634
265,284,Molecule_284,CP(=O)(F)OC1CC21CCC=C2,1,CP(=O)(F)OC1CC21CCC=C2,InChI=1S/C8H12FO2P/c1-12(910)11-7-6-8(7)4-2-3-5-8/h247H35-6H21H3,FTERSVIKEUQWRR-UHFFFAOYSA-N,,0,0.477409,0.482532,0.50165
266,285,Molecule_285,CC=CC1CCC1OP(C)(=O)F,1,CC=CC1CCC1OP(C)(=O)F,InChI=1S/C8H14FO2P/c1-3-4-7-5-6-8(7)11-12(29)10/h3-47-8H5-6H21-2H3,RNHQMJJDSFDPBI-UHFFFAOYSA-N,,0,0.477839,0.479223,0.497127
267,286,Molecule_286,CP(=O)(F)OC1C2CC=CCC21,1,CP(=O)(F)OC1C2CC=CCC21,InChI=1S/C8H12FO2P/c1-12(910)11-8-6-4-2-3-5-7(6)8/h2-36-8H4-5H21H3,HCDKHUCRAXCVPQ-UHFFFAOYSA-N,,0,0.478622,0.479629,0.4911
268,287,Molecule_287,CC1CC21CC2OP(C)(=O)F,1,CC1CC21CC2OP(C)(=O)F,InChI=1S/C7H12FO2P/c1-5-3-7(5)4-6(7)10-11(28)9/h5-6H3-4H21-2H3,AJZTWKCMFCWTOC-UHFFFAOYSA-N,,0,0.477278,0.483597,0.498973
269,288,Molecule_288,CC1CC2CC12OP(C)(=O)F,1,CC1CC2CC12OP(C)(=O)F,InChI=1S/C7H12FO2P/c1-5-3-6-4-7(56)10-11(28)9/h5-6H3-4H21-2H3,MPSXXLFUACKTAL-UHFFFAOYSA-N,,0,0.484131,0.483065,0.499893
270,289,Molecule_289,CCC1CC1(C)OP(C)(=O)F,1,CCC1CC1(C)OP(C)(=O)F,InChI=1S/C7H14FO2P/c1-4-6-5-7(62)10-11(38)9/h6H4-5H21-3H3,VXPAFEGLBDRASO-UHFFFAOYSA-N,,0,0.475003,0.475464,0.487937
271,290,Molecule_290,CC1C2C1CC2OP(C)(=O)F,1,CC1C2C1CC2OP(C)(=O)F,InChI=1S/C7H12FO2P/c1-4-5-3-6(7(4)5)10-11(28)9/h4-7H3H21-2H3,PUJWCJXYAMPVLI-UHFFFAOYSA-N,,0,0.479509,0.479064,0.500509
272,291,Molecule_291,CP(=O)(F)OC1CC=CCCC1,1,CP(=O)(F)OC1CC=CCCC1,InChI=1S/C8H14FO2P/c1-12(910)11-8-6-4-2-3-5-7-8/h248H35-7H21H3,PLZMYDBVTPFVQZ-UHFFFAOYSA-N,,0,0.47714,0.475995,0.495247
273,292,Molecule_292,CC=CCC1CC1OP(C)(=O)F,1,CC=CCC1CC1OP(C)(=O)F,InChI=1S/C8H14FO2P/c1-3-4-5-7-6-8(7)11-12(29)10/h3-47-8H5-6H21-2H3,VYNWYSXUQAPNMD-UHFFFAOYSA-N,,0,0.476491,0.479035,0.490504
274,293,Molecule_293,CP(=O)(F)OC12CCC1CC2,1,CP(=O)(F)OC12CCC1CC2,InChI=1S/C7H12FO2P/c1-11(89)10-7-4-2-6(7)3-5-7/h6H2-5H21H3,NFBZBZWARQWJNG-UHFFFAOYSA-N,,0,0.4775,0.480511,0.488318
275,294,Molecule_294,CP(=O)(F)OC12CC3C1CC23,1,CP(=O)(F)OC12CC3C1CC23,InChI=1S/C7H10FO2P/c1-11(89)10-7-3-4-5(7)2-6(4)7/h4-6H2-3H21H3,WUQLERLGVNPCTN-UHFFFAOYSA-N,,0,0.481471,0.480681,0.43929
276,295,Molecule_295,CP(=O)(F)OC1C2CC1CC2,1,CP(=O)(F)OC1C2CC1CC2,InChI=1S/C7H12FO2P/c1-11(89)10-7-5-2-3-6(7)4-5/h5-7H2-4H21H3,DPGLETOBKXKWEM-UHFFFAOYSA-N,,0,0.473675,0.476109,0.482995
277,296,Molecule_296,CP(=O)(F)OC1C2CC=1C2,1,CP(=O)(F)OC1C2CC=1C2,InChI=1S/C6H8FO2P/c1-10(78)9-6-4-2-5(6)3-4/h4H2-3H21H3,JTXDRIUXAFLRFB-UHFFFAOYSA-N,,0,0.338691,0.491828,0.369589
278,297,Molecule_297,CC1C2CC1C2OP(C)(=O)F,1,CC1C2CC1C2OP(C)(=O)F,InChI=1S/C7H12FO2P/c1-4-5-3-6(4)7(5)10-11(28)9/h4-7H3H21-2H3,WSJJFLXQAZVDGE-UHFFFAOYSA-N,,0,0.476051,0.478105,0.505432
279,298,Molecule_298,CCCC=C1CC1OP(C)(=O)F,1,CCCC=C1CC1OP(C)(=O)F,InChI=1S/C8H14FO2P/c1-3-4-5-7-6-8(7)11-12(29)10/h58H3-46H21-2H3,XZGRBWPHFWIDEK-UHFFFAOYSA-N,,0,0.476292,0.478034,0.499166
280,299,Molecule_299,CC1=CC=CCCC1OP(C)(=O)F,1,CC1=CC=CCCC1OP(C)(=O)F,InChI=1S/C9H14FO2P/c1-8-6-4-3-5-7-9(8)12-13(210)11/h3-469H57H21-2H3,YXKCNTKRJUAIGJ-UHFFFAOYSA-N,,0,0.477495,0.475223,0.497787
281,300,Molecule_300,CC(OP(C)(=O)F)C1CCC1,1,CC(OP(C)(=O)F)C1CCC1,InChI=1S/C7H14FO2P/c1-6(7-4-3-5-7)10-11(28)9/h6-7H3-5H21-2H3,HHQZWLQFNBXBGY-UHFFFAOYSA-N,,0,0.479301,0.477425,0.504681
282,301,Molecule_301,CC1(COP(C)(=O)F)CCC1,1,CC1(COP(C)(=O)F)CCC1,InChI=1S/C7H14FO2P/c1-7(4-3-5-7)6-10-11(28)9/h3-6H21-2H3,JUVSHCGCEMMFKE-UHFFFAOYSA-N,,0,0.478425,0.479803,0.498428
283,302,Molecule_302,CCCC1CCCC1OP(C)(=O)F,1,CCCC1CCCC1OP(C)(=O)F,InChI=1S/C9H18FO2P/c1-3-5-8-6-4-7-9(8)12-13(210)11/h8-9H3-7H21-2H3,WVYIRCJBAGFJGX-UHFFFAOYSA-N,,0,0.480204,0.476249,0.514909
284,303,Molecule_303,CCC12CC1C2OP(C)(=O)F,1,CCC12CC1C2OP(C)(=O)F,InChI=1S/C7H12FO2P/c1-3-7-4-5(7)6(7)10-11(28)9/h5-6H3-4H21-2H3,AFNCWAARJHTTGG-UHFFFAOYSA-N,,0,0.476337,0.473592,0.494549
285,304,Molecule_304,CCCC=CC(C)=COP(C)(=O)F,1,CCCC=CC(C)=COP(C)(=O)F,InChI=1S/C9H16FO2P/c1-4-5-6-7-9(2)8-12-13(310)11/h6-8H4-5H21-3H3,NRUQMTRLRWELLY-UHFFFAOYSA-N,,0,0.484386,0.489095,0.501347
287,306,Molecule_306,CCCC12CC1CC2OP(C)(=O)F,1,CCCC12CC1CC2OP(C)(=O)F,InChI=1S/C9H16FO2P/c1-3-4-9-6-7(9)5-8(9)12-13(210)11/h7-8H3-6H21-2H3,RSGGQSBHURVLFJ-UHFFFAOYSA-N,,0,0.479087,0.477901,0.498302
288,307,Molecule_307,CP(=O)(F)OC1CCCCCC=1,1,CP(=O)(F)OC1CCCCCC=1,InChI=1S/C8H14FO2P/c1-12(910)11-8-6-4-2-3-5-7-8/h6H2-57H21H3,KHZQYOMZSLDIIF-UHFFFAOYSA-N,,0,0.478699,0.479656,0.494465
289,308,Molecule_308,CP(=O)(F)OC1C=CCCCC=1,1,CP(=O)(F)OC1C=CCCCC=1,InChI=1S/C8H12FO2P/c1-12(910)11-8-6-4-2-3-5-7-8/h46-7H2-35H21H3,WGQMJDBQUXLLCE-UHFFFAOYSA-N,,0,0.479996,0.479352,0.495579
290,309,Molecule_309,CCCCCC1CC1OP(C)(=O)F,1,CCCCCC1CC1OP(C)(=O)F,InChI=1S/C9H18FO2P/c1-3-4-5-6-8-7-9(8)12-13(210)11/h8-9H3-7H21-2H3,YIFUBISDTIXDQA-UHFFFAOYSA-N,,0,0.476273,0.477012,0.490754
291,310,Molecule_310,CP(=O)(F)OCCC1CC1C=C,1,CP(=O)(F)OCCC1CC1C=C,InChI=1S/C8H14FO2P/c1-3-7-6-8(7)4-5-11-12(29)10/h37-8H14-6H22H3,JWBCZVULMKDCKR-UHFFFAOYSA-N,,0,0.474641,0.474711,0.497001
292,311,Molecule_311,CP(=O)(F)OC=CC1CC1=C,1,CP(=O)(F)OC=CC1CC1=C,InChI=1S/C7H10FO2P/c1-6-5-7(6)3-4-10-11(28)9/h3-47H15H22H3,IJKRONFRHOCPCZ-UHFFFAOYSA-N,,0,0.479771,0.490277,0.508247
293,312,Molecule_312,CCC1CCC1OP(C)(=O)F,1,CCC1CCC1OP(C)(=O)F,InChI=1S/C7H14FO2P/c1-3-6-4-5-7(6)10-11(28)9/h6-7H3-5H21-2H3,FBTCVXWOUZXBSD-UHFFFAOYSA-N,,0,0.476112,0.480215,0.503259
294,313,Molecule_313,CP(=O)(F)OC=C1CCC1,1,CP(=O)(F)OC=C1CCC1,InChI=1S/C6H10FO2P/c1-10(78)9-5-6-3-2-4-6/h5H2-4H21H3,AXKPGNOXUMLWSD-UHFFFAOYSA-N,,0,0.479428,0.47973,0.497697
295,314,Molecule_314,CP(=O)(F)OC1C=C2CC21,1,CP(=O)(F)OC1C=C2CC21,InChI=1S/C6H8FO2P/c1-10(78)9-6-3-4-2-5(4)6/h35-6H2H21H3,RRNUPFDQVQMJIL-UHFFFAOYSA-N,,0,0.476815,0.47974,0.492919
296,315,Molecule_315,CP(=O)(F)OC1C2C1C1CCC12,1,CP(=O)(F)OC1C2C1C1CCC12,InChI=1S/C8H12FO2P/c1-12(910)11-8-6-4-2-3-5(4)7(6)8/h4-8H2-3H21H3,NCAOWGWZPSCWID-UHFFFAOYSA-N,,0,0.480765,0.481366,0.453344
297,316,Molecule_316,CP(=O)(F)OC=C1CC1CC=C,1,CP(=O)(F)OC=C1CC1CC=C,InChI=1S/C8H12FO2P/c1-3-4-7-5-8(7)6-11-12(29)10/h36-7H14-5H22H3,HJIYFPVKFHHEKL-UHFFFAOYSA-N,,0,0.486414,0.483248,0.498133
298,317,Molecule_317,CP(=O)(F)OC12CC3CCC1C23,1,CP(=O)(F)OC12CC3CCC1C23,InChI=1S/C8H12FO2P/c1-12(910)11-8-4-5-2-3-6(8)7(5)8/h5-7H2-4H21H3,AHXVZAXUGVCKSY-UHFFFAOYSA-N,,0,0.485371,0.480823,0.507018
299,318,Molecule_318,CC1CC21CCC2OP(C)(=O)F,1,CC1CC21CCC2OP(C)(=O)F,InChI=1S/C8H14FO2P/c1-6-5-8(6)4-3-7(8)11-12(29)10/h6-7H3-5H21-2H3,PKCAERKBXLKYAD-UHFFFAOYSA-N,,0,0.474119,0.479609,0.49401
300,319,Molecule_319,CC12CC=CCC1C2OP(C)(=O)F,1,CC12CC=CCC1C2OP(C)(=O)F,InChI=1S/C9H14FO2P/c1-9-6-4-3-5-7(9)8(9)12-13(210)11/h3-47-8H5-6H21-2H3,XGRQBHSVJASEMY-UHFFFAOYSA-N,,0,0.481612,0.482204,0.500241
301,320,Molecule_320,CP(=O)(F)OC1C2CC2C2CC21,1,CP(=O)(F)OC1C2CC2C2CC21,InChI=1S/C8H12FO2P/c1-12(910)11-8-6-2-4(6)5-3-7(5)8/h4-8H2-3H21H3,NWBCIWQYJXWLMW-UHFFFAOYSA-N,,0,0.480908,0.474088,0.503679
302,321,Molecule_321,CCC1CC2CC21OP(C)(=O)F,1,CCC1CC2CC21OP(C)(=O)F,InChI=1S/C8H14FO2P/c1-3-6-4-7-5-8(67)11-12(29)10/h6-7H3-5H21-2H3,SVGCMUMTEMDVJR-UHFFFAOYSA-N,,0,0.478311,0.478652,0.48793
303,322,Molecule_322,CCC1C2CC(OP(C)(=O)F)C21,1,CCC1C2CC(OP(C)(=O)F)C21,InChI=1S/C8H14FO2P/c1-3-5-6-4-7(8(5)6)11-12(29)10/h5-8H3-4H21-2H3,UAIYAKYCAOIARK-UHFFFAOYSA-N,,0,0.482235,0.477549,0.499885
304,323,Molecule_323,CC12CC1CC=CC2OP(C)(=O)F,1,CC12CC1CC=CC2OP(C)(=O)F,InChI=1S/C9H14FO2P/c1-9-6-7(9)4-3-5-8(9)12-13(210)11/h357-8H46H21-2H3,NXHQZLFCAGZLRX-UHFFFAOYSA-N,,0,0.475419,0.473758,0.499983
305,324,Molecule_324,CC12C3CC3C1C2OP(C)(=O)F,1,CC12C3CC3C1C2OP(C)(=O)F,InChI=1S/C8H12FO2P/c1-8-5-3-4(5)6(8)7(8)11-12(29)10/h4-7H3H21-2H3,OPCGGTLPESTUJS-UHFFFAOYSA-N,,0,0.479697,0.480777,0.50138
306,325,Molecule_325,CC1CCC2CC12OP(C)(=O)F,1,CC1CCC2CC12OP(C)(=O)F,InChI=1S/C8H14FO2P/c1-6-3-4-7-5-8(67)11-12(29)10/h6-7H3-5H21-2H3,CZUSSWZODYEAGG-UHFFFAOYSA-N,,0,0.481236,0.481902,0.50352
307,326,Molecule_326,CCC12CCC1C2OP(C)(=O)F,1,CCC12CCC1C2OP(C)(=O)F,InChI=1S/C8H14FO2P/c1-3-8-5-4-6(8)7(8)11-12(29)10/h6-7H3-5H21-2H3,UNWXNAGRENBWTC-UHFFFAOYSA-N,,0,0.479991,0.479156,0.499095
308,327,Molecule_327,CC12CC1(C2)OP(C)(=O)F,1,CC12CC1(C2)OP(C)(=O)F,InChI=1S/C6H10FO2P/c1-5-3-6(54-5)9-10(27)8/h3-4H21-2H3,KJGZZJDHZXKPRA-UHFFFAOYSA-N,,0,0.480714,0.481964,0.485996
309,328,Molecule_328,CP(=O)(F)OCC=CC1CC1=C,1,CP(=O)(F)OCC=CC1CC1=C,InChI=1S/C8H12FO2P/c1-7-6-8(7)4-3-5-11-12(29)10/h3-48H15-6H22H3,ZSESMKADGCBWHI-UHFFFAOYSA-N,,0,0.47491,0.474387,0.49218
310,329,Molecule_329,CC1C2CCC2C1OP(C)(=O)F,1,CC1C2CCC2C1OP(C)(=O)F,InChI=1S/C8H14FO2P/c1-5-6-3-4-7(6)8(5)11-12(29)10/h5-8H3-4H21-2H3,WIJHXNINASWCAD-UHFFFAOYSA-N,,0,0.479489,0.480984,0.493986
311,330,Molecule_330,CC1CC2C1CC2OP(C)(=O)F,1,CC1CC2C1CC2OP(C)(=O)F,InChI=1S/C8H14FO2P/c1-5-3-7-6(5)4-8(7)11-12(29)10/h5-8H3-4H21-2H3,KGQHXGYQZMNDDB-UHFFFAOYSA-N,,0,0.475406,0.475772,0.420485
312,331,Molecule_331,CC1C2CCCC1CC2OP(C)(=O)F,1,CC1C2CCCC1CC2OP(C)(=O)F,InChI=1S/C10H18FO2P/c1-7-8-4-3-5-9(7)10(6-8)13-14(211)12/h7-10H3-6H21-2H3,DVMSXCNJAOYFBP-UHFFFAOYSA-N,,0,0.476523,0.480335,0.500255
313,332,Molecule_332,CP(=O)(F)OC1C2C3CCC2C31,1,CP(=O)(F)OC1C2C3CCC2C31,InChI=1S/C8H12FO2P/c1-12(910)11-8-6-4-2-3-5(6)7(4)8/h4-8H2-3H21H3,SSKUTTGOGGJKTO-UHFFFAOYSA-N,,0,0.473233,0.476406,0.491275
314,333,Molecule_333,CCCC1C2CC12OP(C)(=O)F,1,CCCC1C2CC12OP(C)(=O)F,InChI=1S/C8H14FO2P/c1-3-4-6-7-5-8(67)11-12(29)10/h6-7H3-5H21-2H3,HUGQXOVKYCLPQU-UHFFFAOYSA-N,,0,0.486607,0.48453,0.495115
315,334,Molecule_334,CP(=O)(F)OC1CC1=CCC=C,1,CP(=O)(F)OC1CC1=CCC=C,InChI=1S/C8H12FO2P/c1-3-4-5-7-6-8(7)11-12(29)10/h358H146H22H3,GBYHNWHIRZLOOZ-UHFFFAOYSA-N,,0,0.478013,0.479224,0.495352
316,335,Molecule_335,CC1CCCC=C1C=COP(C)(=O)F,1,CC1CCCC=C1C=COP(C)(=O)F,InChI=1S/C10H16FO2P/c1-9-5-3-4-6-10(9)7-8-13-14(211)12/h6-9H3-5H21-2H3,RVZIZLBBLGLRSB-UHFFFAOYSA-N,,0,0.478919,0.481799,0.497843
317,336,Molecule_336,CC1C=CC(OP(C)(=O)F)C1CC,1,CC1C=CC(OP(C)(=O)F)C1CC,InChI=1S/C9H16FO2P/c1-4-8-7(2)5-6-9(8)12-13(310)11/h5-9H4H21-3H3,YNPYGZRSLDYMBC-UHFFFAOYSA-N,,0,0.474864,0.47187,0.489158
318,337,Molecule_337,CC(OP(C)(=O)F)C1CC1CC,1,CC(OP(C)(=O)F)C1CC1CC,InChI=1S/C8H16FO2P/c1-4-7-5-8(7)6(2)11-12(39)10/h6-8H4-5H21-3H3,BLAYXBGGZCLELF-UHFFFAOYSA-N,,0,0.471504,0.474842,0.484776
319,338,Molecule_338,CC1CCCC1(C)OP(C)(=O)F,1,CC1CCCC1(C)OP(C)(=O)F,InChI=1S/C8H16FO2P/c1-7-5-4-6-8(72)11-12(39)10/h7H4-6H21-3H3,AYLQJHWTIIDIBV-UHFFFAOYSA-N,,0,0.477733,0.477742,0.498046
320,339,Molecule_339,CC1=CC=CCC=C1OP(C)(=O)F,1,CC1=CC=CCC=C1OP(C)(=O)F,InChI=1S/C9H12FO2P/c1-8-6-4-3-5-7-9(8)12-13(210)11/h3-46-7H5H21-2H3,IRHCKXDQJSTMCR-UHFFFAOYSA-N,,0,0.487517,0.482975,0.494375
321,340,Molecule_340,CC1(C)C2CC2C1OP(C)(=O)F,1,CC1(C)C2CC2C1OP(C)(=O)F,InChI=1S/C8H14FO2P/c1-8(2)6-4-5(6)7(8)11-12(39)10/h5-7H4H21-3H3,XOAAMLQHUIMZAA-UHFFFAOYSA-N,,0,0.474536,0.479945,0.495466
322,341,Molecule_341,CCC1(C)CCC1OP(C)(=O)F,1,CCC1(C)CCC1OP(C)(=O)F,InChI=1S/C8H16FO2P/c1-4-8(2)6-5-7(8)11-12(39)10/h7H4-6H21-3H3,RQNXJJKSANEQMN-UHFFFAOYSA-N,,0,0.477142,0.479429,0.497489
323,342,Molecule_342,CC12C3CC1C23OP(C)(=O)F,1,CC12C3CC1C23OP(C)(=O)F,InChI=1S/C7H10FO2P/c1-6-4-3-5(6)7(46)10-11(28)9/h4-5H3H21-2H3,KQRBTGGPZOVTFP-UHFFFAOYSA-N,,0,0.48746,0.484993,0.503234
324,343,Molecule_343,CP(=O)(F)OC1CC21C1CC2C1,1,CP(=O)(F)OC1CC21C1CC2C1,InChI=1S/C8H12FO2P/c1-12(910)11-7-4-8(7)5-2-6(8)3-5/h5-7H2-4H21H3,RUWLNQNZTAWYNJ-UHFFFAOYSA-N,,0,0.482052,0.477142,0.469952
325,344,Molecule_344,CP(=O)(F)OCC1CC2CCC21,1,CP(=O)(F)OCC1CC2CCC21,InChI=1S/C8H14FO2P/c1-12(910)11-5-7-4-6-2-3-8(6)7/h6-8H2-5H21H3,VWOBVZRROKHZDM-UHFFFAOYSA-N,,0,0.477848,0.478917,0.484897
327,346,Molecule_346,CP(=O)(F)OC1C2C3CC213,1,CP(=O)(F)OC1C2C3CC213,InChI=1S/C6H8FO2P/c1-10(78)9-5-4-3-2-6(34)5/h3-5H2H21H3,BBGONJQSVWYURF-UHFFFAOYSA-N,,0,0.477764,0.481036,0.494354
328,347,Molecule_347,CC1CCC1C(C)OP(C)(=O)F,1,CC1CCC1C(C)OP(C)(=O)F,InChI=1S/C8H16FO2P/c1-6-4-5-8(6)7(2)11-12(39)10/h6-8H4-5H21-3H3,JYNHYVFIFFAKHM-UHFFFAOYSA-N,,0,0.48176,0.476798,0.512256
329,348,Molecule_348,CC1=CCC2C1CC2OP(C)(=O)F,1,CC1=CCC2C1CC2OP(C)(=O)F,InChI=1S/C9H14FO2P/c1-6-3-4-7-8(6)5-9(7)12-13(210)11/h37-9H4-5H21-2H3,IFAGSSDQUXUQBT-UHFFFAOYSA-N,,0,0.479042,0.476245,0.50293
330,349,Molecule_349,CP(=O)(F)OC12CC1CC=C2,1,CP(=O)(F)OC12CC1CC=C2,InChI=1S/C7H10FO2P/c1-11(89)10-7-4-2-3-6(7)5-7/h246H35H21H3,KIEZJXCOANKCGB-UHFFFAOYSA-N,,0,0.476576,0.477698,0.488435
331,350,Molecule_350,CP(=O)(F)OC=CC1CC2CCC21,1,CP(=O)(F)OC=CC1CC2CCC21,InChI=1S/C9H14FO2P/c1-13(1011)12-5-4-8-6-7-2-3-9(7)8/h4-57-9H2-36H21H3,IRTBYCMWANAIAQ-UHFFFAOYSA-N,,0,0.482777,0.486928,0.455818
332,351,Molecule_351,CC1C2C1CCC2OP(C)(=O)F,1,CC1C2C1CCC2OP(C)(=O)F,InChI=1S/C8H14FO2P/c1-5-6-3-4-7(8(5)6)11-12(29)10/h5-8H3-4H21-2H3,WJFHKHUGQKHENE-UHFFFAOYSA-N,,0,0.471655,0.473867,0.49648
333,352,Molecule_352,CC12CC1=CC2OP(C)(=O)F,1,CC12CC1=CC2OP(C)(=O)F,InChI=1S/C7H10FO2P/c1-7-4-5(7)3-6(7)10-11(28)9/h36H4H21-2H3,KUQFEGLDFFZHNC-UHFFFAOYSA-N,,0,0.477044,0.475711,0.490178
334,353,Molecule_353,CCC12CC1CC2OP(C)(=O)F,1,CCC12CC1CC2OP(C)(=O)F,InChI=1S/C8H14FO2P/c1-3-8-5-6(8)4-7(8)11-12(29)10/h6-7H3-5H21-2H3,QJLBWTHHQZFQLM-UHFFFAOYSA-N,,0,0.472382,0.477494,0.4937
335,354,Molecule_354,CC1C2C(C=C12)OP(C)(=O)F,1,CC1C2C(C=C12)OP(C)(=O)F,InChI=1S/C7H10FO2P/c1-4-5-3-6(7(4)5)10-11(28)9/h3-46-7H1-2H3,MRUJPHJKQJPHQE-UHFFFAOYSA-N,,0,0.473913,0.475503,0.493322
336,355,Molecule_355,CP(=O)(F)OC1C2CC3C1C32,1,CP(=O)(F)OC1C2CC3C1C32,InChI=1S/C7H10FO2P/c1-11(89)10-7-4-2-3-5(4)6(3)7/h3-7H2H21H3,IYEIYZIBBRFWMP-UHFFFAOYSA-N,,0,0.476377,0.476361,0.470014
337,356,Molecule_356,CP(=O)(F)OC1CC21CCCCC2,1,CP(=O)(F)OC1CC21CCCCC2,InChI=1S/C9H16FO2P/c1-13(1011)12-8-7-9(8)5-3-2-4-6-9/h8H2-7H21H3,VWEONLKMQMFPAF-UHFFFAOYSA-N,,0,0.477949,0.478312,0.492944
338,357,Molecule_357,CP(=O)(F)OC12C3CC=C1C23,1,CP(=O)(F)OC12C3CC=C1C23,InChI=1S/C7H8FO2P/c1-11(89)10-7-4-2-3-5(7)6(4)7/h25-6H3H21H3,PHXWZCQGSBWURK-UHFFFAOYSA-N,,0,0.481839,,0.42187
339,358,Molecule_358,CC(CCC1CC1)OP(C)(=O)F,1,CC(CCC1CC1)OP(C)(=O)F,InChI=1S/C8H16FO2P/c1-7(11-12(29)10)3-4-8-5-6-8/h7-8H3-6H21-2H3,BCNLRZDLIGVIMB-UHFFFAOYSA-N,,0,0.473975,0.474921,0.495992
340,359,Molecule_359,CP(=O)(F)OC1C=CCCCCC=1,1,CP(=O)(F)OC1C=CCCCCC=1,InChI=1S/C9H14FO2P/c1-13(1011)12-9-7-5-3-2-4-6-8-9/h57-8H2-46H21H3,XZOPZFWEFJZHQR-UHFFFAOYSA-N,,0,0.481807,0.482044,0.500255
341,360,Molecule_360,CC12CCCC1CC2OP(C)(=O)F,1,CC12CCCC1CC2OP(C)(=O)F,InChI=1S/C9H16FO2P/c1-9-5-3-4-7(9)6-8(9)12-13(210)11/h7-8H3-6H21-2H3,XLJSJJRMROQUMB-UHFFFAOYSA-N,,0,0.474117,0.477243,0.492913
342,361,Molecule_361,CC1CC2CCC12OP(C)(=O)F,1,CC1CC2CCC12OP(C)(=O)F,InChI=1S/C8H14FO2P/c1-6-5-7-3-4-8(67)11-12(29)10/h6-7H3-5H21-2H3,CEVRZSNYYDQDMQ-UHFFFAOYSA-N,,0,0.482851,0.482443,0.503202
344,363,Molecule_363,CCC1CC2C(OP(C)(=O)F)C21,1,CCC1CC2C(OP(C)(=O)F)C21,InChI=1S/C8H14FO2P/c1-3-5-4-6-7(5)8(6)11-12(29)10/h5-8H3-4H21-2H3,YAGKWQUPJNZOMO-UHFFFAOYSA-N,,0,0.479782,0.478827,0.493214
347,366,Molecule_366,CP(=O)(F)OC1CC21CC1CC21,1,CP(=O)(F)OC1CC21CC1CC21,InChI=1S/C8H12FO2P/c1-12(910)11-7-4-8(7)3-5-2-6(5)8/h5-7H2-4H21H3,ATWUQJPKJVKNET-UHFFFAOYSA-N,,0,0.480803,0.481705,0.506597
348,367,Molecule_367,CCC1C2CC1C2OP(C)(=O)F,1,CCC1C2CC1C2OP(C)(=O)F,InChI=1S/C8H14FO2P/c1-3-5-6-4-7(5)8(6)11-12(29)10/h5-8H3-4H21-2H3,MKFIRBZVHJBPBY-UHFFFAOYSA-N,,0,0.474337,,0.496301
349,368,Molecule_368,CP(=O)(F)OC1CCC2CCC21,1,CP(=O)(F)OC1CCC2CCC21,InChI=1S/C8H14FO2P/c1-12(910)11-8-5-3-6-2-4-7(6)8/h6-8H2-5H21H3,USBQOSIXLDJTJM-UHFFFAOYSA-N,,0,0.47827,0.477875,0.514499
350,369,Molecule_369,CC1CC=CC21CC2OP(C)(=O)F,1,CC1CC=CC21CC2OP(C)(=O)F,InChI=1S/C9H14FO2P/c1-7-4-3-5-9(7)6-8(9)12-13(210)11/h357-8H46H21-2H3,RTSAAPZKMPJRBM-UHFFFAOYSA-N,,0,0.477357,0.483396,0.495947
351,370,Molecule_370,CC12C3CCC1CC23OP(C)(=O)F,1,CC12C3CCC1CC23OP(C)(=O)F,InChI=1S/C9H14FO2P/c1-8-6-3-4-7(8)9(85-6)12-13(210)11/h6-7H3-5H21-2H3,URCZIMVGYVGBIW-UHFFFAOYSA-N,,0,0.479726,0.480255,0.491362
352,371,Molecule_371,CP(=O)(F)OC1CC23CCC2CC31,1,CP(=O)(F)OC1CC23CCC2CC31,InChI=1S/C9H14FO2P/c1-13(1011)12-8-5-9-3-2-6(9)4-7(8)9/h6-8H2-5H21H3,WHNLTMDPAWHVOS-UHFFFAOYSA-N,,0,0.47666,0.476346,0.414259
353,372,Molecule_372,CCC1CCC2CC21OP(C)(=O)F,1,CCC1CCC2CC21OP(C)(=O)F,InChI=1S/C9H16FO2P/c1-3-7-4-5-8-6-9(78)12-13(210)11/h7-8H3-6H21-2H3,QXWKLGQWSHRTOY-UHFFFAOYSA-N,,0,0.484211,0.481928,0.503954
354,373,Molecule_373,CC1C23CC21C3OP(C)(=O)F,1,CC1C23CC21C3OP(C)(=O)F,InChI=1S/C7H10FO2P/c1-4-6-3-7(46)5(6)10-11(28)9/h4-5H3H21-2H3,UQXKLQQGJZLIMJ-UHFFFAOYSA-N,,0,0.483519,0.488671,0.513705
355,374,Molecule_374,CC12CC3CC3C1C2OP(C)(=O)F,1,CC12CC3CC3C1C2OP(C)(=O)F,InChI=1S/C9H14FO2P/c1-9-4-5-3-6(5)7(9)8(9)12-13(210)11/h5-8H3-4H21-2H3,HZKCZQLWDSBBQS-UHFFFAOYSA-N,,0,0.479554,0.48165,0.488004
357,376,Molecule_376,CC1C2C3C(OP(C)(=O)F)C132,1,CC1C2C3C(OP(C)(=O)F)C132,InChI=1S/C7H10FO2P/c1-3-4-5-6(7(34)5)10-11(28)9/h3-6H1-2H3,ZJIYGOOABXCWKW-UHFFFAOYSA-N,,0,0.47942,0.480521,0.498927
358,377,Molecule_377,CP(=O)(F)OC1CC2CC1CCC2,1,CP(=O)(F)OC1CC2CC1CCC2,InChI=1S/C9H16FO2P/c1-13(1011)12-9-6-7-3-2-4-8(9)5-7/h7-9H2-6H21H3,AEOMFPOHWZKUAT-UHFFFAOYSA-N,,0,0.473226,0.474636,0.491648
359,378,Molecule_378,CC1CC2CC(C1)C2OP(C)(=O)F,1,CC1CC2CC(C1)C2OP(C)(=O)F,InChI=1S/C9H16FO2P/c1-6-3-7-5-8(4-6)9(7)12-13(210)11/h6-9H3-5H21-2H3,OBBUPZSKPFQMMH-UHFFFAOYSA-N,,0,0.476975,0.474755,0.4871
360,379,Molecule_379,CC1C2CC1C1C(OP(C)(=O)F)C12,1,CC1C2CC1C1C(OP(C)(=O)F)C12,InChI=1S/C9H14FO2P/c1-4-5-3-6(4)8-7(5)9(8)12-13(210)11/h4-9H3H21-2H3,HUBDFMBUFOJPRP-UHFFFAOYSA-N,,0,0.479816,0.480114,0.49669
361,380,Molecule_380,CCC1CC2C(CC21)OP(C)(=O)F,1,CCC1CC2C(CC21)OP(C)(=O)F,InChI=1S/C9H16FO2P/c1-3-6-4-8-7(6)5-9(8)12-13(210)11/h6-9H3-5H21-2H3,HIXLBMFUXXCERK-UHFFFAOYSA-N,,0,0.47719,,0.432426
362,381,Molecule_381,CP(=O)(F)OC1C2CC31CC32,1,CP(=O)(F)OC1C2CC31CC32,InChI=1S/C7H10FO2P/c1-11(89)10-6-4-2-7(6)3-5(4)7/h4-6H2-3H21H3,ZEQFMEYVRWVWKY-UHFFFAOYSA-N,,0,0.435102,,0.382493
363,382,Molecule_382,CC12C(OP(C)(=O)F)C1C1CCC21,1,CC12C(OP(C)(=O)F)C1C1CCC21,InChI=1S/C9H14FO2P/c1-9-6-4-3-5(6)7(9)8(9)12-13(210)11/h5-8H3-4H21-2H3,XNQSHBPJUHADSW-UHFFFAOYSA-N,,0,0.480123,0.478906,0.451425
364,383,Molecule_383,CP(=O)(F)OC1C23CC21CC3,1,CP(=O)(F)OC1C23CC21CC3,InChI=1S/C7H10FO2P/c1-11(89)10-5-6-2-3-7(56)4-6/h5H2-4H21H3,TXJNCYMPPNPSIR-UHFFFAOYSA-N,,0,0.483052,0.479237,0.500796
366,385,Molecule_385,CC1(C)C2CC2CC1OP(C)(=O)F,1,CC1(C)C2CC2CC1OP(C)(=O)F,InChI=1S/C9H16FO2P/c1-9(2)7-4-6(7)5-8(9)12-13(310)11/h6-8H4-5H21-3H3,SKYKRPZNGZCTAD-UHFFFAOYSA-N,,0,0.475611,0.477853,0.511486
367,386,Molecule_386,CC1CC2(CC21)OP(C)(=O)F,1,CC1CC2(CC21)OP(C)(=O)F,InChI=1S/C7H12FO2P/c1-5-3-7(4-6(5)7)10-11(28)9/h5-6H3-4H21-2H3,CNIRTJIOWVYXDQ-UHFFFAOYSA-N,,0,0.481744,0.482885,0.50211
368,387,Molecule_387,CP(=O)(F)OC1CC2CC(C2)CC1,1,CP(=O)(F)OC1CC2CC(C2)CC1,InChI=1S/C9H16FO2P/c1-13(1011)12-9-3-2-7-4-8(5-7)6-9/h7-9H2-6H21H3,VZZURYMEAGJLRX-UHFFFAOYSA-N,,0,0.478976,0.475109,0.502234
370,389,Molecule_389,CP(=O)(F)OC1CC2C1C12CCC1,1,CP(=O)(F)OC1CC2C1C12CCC1,InChI=1S/C9H14FO2P/c1-13(1011)12-7-5-6-8(7)9(6)3-2-4-9/h6-8H2-5H21H3,DMTRSHIIPDRWLX-UHFFFAOYSA-N,,0,0.476273,0.474889,0.496371
371,390,Molecule_390,CCC1CC21CCC2OP(C)(=O)F,1,CCC1CC21CCC2OP(C)(=O)F,InChI=1S/C9H16FO2P/c1-3-7-6-9(7)5-4-8(9)12-13(210)11/h7-8H3-6H21-2H3,QSBAADYZPUIVPX-UHFFFAOYSA-N,,0,0.474781,0.47681,0.509142
372,391,Molecule_391,CP(=O)(F)OCC1C2CC3CC1C32,1,CP(=O)(F)OCC1C2CC3CC1C32,InChI=1S/C9H14FO2P/c1-13(1011)12-4-8-6-2-5-3-7(8)9(5)6/h5-9H2-4H21H3,GGUPFEDQUQFZQZ-UHFFFAOYSA-N,,0,0.47402,0.474294,0.454314
373,392,Molecule_392,CCC12CC1CCC2OP(C)(=O)F,1,CCC12CC1CCC2OP(C)(=O)F,InChI=1S/C9H16FO2P/c1-3-9-6-7(9)4-5-8(9)12-13(210)11/h7-8H3-6H21-2H3,UWSRJEQXCITOLP-UHFFFAOYSA-N,,0,0.474848,0.472847,0.495889
374,393,Molecule_393,CC12CC1C1CC1C2OP(C)(=O)F,1,CC12CC1C1CC1C2OP(C)(=O)F,InChI=1S/C9H14FO2P/c1-9-4-7(9)5-3-6(5)8(9)12-13(210)11/h5-8H3-4H21-2H3,FYBUYYZMBPZLJH-UHFFFAOYSA-N,,0,0.474029,0.472651,0.491349
375,394,Molecule_394,CP(=O)(F)OC1CC21CCC1CC21,1,CP(=O)(F)OC1CC21CCC1CC21,InChI=1S/C9H14FO2P/c1-13(1011)12-8-5-9(8)3-2-6-4-7(6)9/h6-8H2-5H21H3,AFCXVTVLXCHIST-UHFFFAOYSA-N,,0,0.485296,0.478086,0.496052
376,395,Molecule_395,CP(=O)(F)OC1CC2CCC1CC2,1,CP(=O)(F)OC1CC2CCC1CC2,InChI=1S/C9H16FO2P/c1-13(1011)12-9-6-7-2-4-8(9)5-3-7/h7-9H2-6H21H3,DZCQRHBMWSDEGD-UHFFFAOYSA-N,,0,0.475199,0.475059,0.497447
377,396,Molecule_396,CC1(C)C2CC12OP(C)(=O)F,1,CC1(C)C2CC12OP(C)(=O)F,InChI=1S/C7H12FO2P/c1-6(2)5-4-7(56)10-11(38)9/h5H4H21-3H3,MUVYXHMSVIHVOE-UHFFFAOYSA-N,,0,0.491608,0.481817,0.503624
378,397,Molecule_397,CCCCC1C2CC12OP(C)(=O)F,1,CCCCC1C2CC12OP(C)(=O)F,InChI=1S/C9H16FO2P/c1-3-4-5-7-8-6-9(78)12-13(210)11/h7-8H3-6H21-2H3,GIWBMAOWORZADY-UHFFFAOYSA-N,,0,0.483731,0.483497,0.490601
379,398,Molecule_398,CC12C(OP(C)(=O)F)C3C1CCC23,1,CC12C(OP(C)(=O)F)C3C1CCC23,InChI=1S/C9H14FO2P/c1-9-5-3-4-6(9)7(5)8(9)12-13(210)11/h5-8H3-4H21-2H3,RIUPMFSKUJEGHK-UHFFFAOYSA-N,,0,0.478289,0.47569,0.509198
380,399,Molecule_399,CC1(CC21CC2)OP(C)(=O)F,1,CC1(CC21CC2)OP(C)(=O)F,InChI=1S/C7H12FO2P/c1-6(10-11(28)9)5-7(6)3-4-7/h3-5H21-2H3,ULQQDQKVCOIVJE-UHFFFAOYSA-N,,0,0.479466,0.479917,0.50451
381,400,Molecule_400,CP(=O)(F)OC12CCC3C1CCC23,1,CP(=O)(F)OC12CCC3C1CCC23,InChI=1S/C9H14FO2P/c1-13(1011)12-9-5-4-6-7(9)2-3-8(6)9/h6-8H2-5H21H3,JDFNDXURGLPDQG-UHFFFAOYSA-N,,0,0.48347,0.482831,0.50975
382,401,Molecule_401,CC12CCC1CCC2OP(C)(=O)F,1,CC12CCC1CCC2OP(C)(=O)F,InChI=1S/C9H16FO2P/c1-9-6-5-7(9)3-4-8(9)12-13(210)11/h7-8H3-6H21-2H3,QEIQRHYFAGDHPP-UHFFFAOYSA-N,,0,0.478267,0.475945,0.50023
383,402,Molecule_402,CCC1CC2CCC21OP(C)(=O)F,1,CCC1CC2CCC21OP(C)(=O)F,InChI=1S/C9H16FO2P/c1-3-7-6-8-4-5-9(78)12-13(210)11/h7-8H3-6H21-2H3,QVYRVEKJWBUVMV-UHFFFAOYSA-N,,0,0.47882,0.481917,0.490056
384,403,Molecule_403,CC1C2C=CC1C2OP(C)(=O)F,1,CC1C2C=CC1C2OP(C)(=O)F,InChI=1S/C8H12FO2P/c1-5-6-3-4-7(5)8(6)11-12(29)10/h3-8H1-2H3,XRTOWBCJWOPYMU-UHFFFAOYSA-N,,0,0.478104,0.477147,0.511935
385,404,Molecule_404,CP(=O)(F)OC12CC3CC1C23,1,CP(=O)(F)OC12CC3CC1C23,InChI=1S/C7H10FO2P/c1-11(89)10-7-3-4-2-5(7)6(4)7/h4-6H2-3H21H3,BKZHPXKLKNNCHL-UHFFFAOYSA-N,,0,0.482725,0.481888,0.474719
386,405,Molecule_405,CP(=O)(F)OC1C2C3CC3CCC21,1,CP(=O)(F)OC1C2C3CC3CCC21,InChI=1S/C9H14FO2P/c1-13(1011)12-9-6-3-2-5-4-7(5)8(6)9/h5-9H2-4H21H3,WAQBORZPEGHNHX-UHFFFAOYSA-N,,0,0.480325,0.479963,0.505276
387,406,Molecule_406,CC1CC2CC1CC2OP(C)(=O)F,1,CC1CC2CC1CC2OP(C)(=O)F,InChI=1S/C9H16FO2P/c1-6-3-8-4-7(6)5-9(8)12-13(210)11/h6-9H3-5H21-2H3,WPGNXVUDTMSGEG-UHFFFAOYSA-N,,0,0.471632,0.473469,0.489162
388,407,Molecule_407,CC12CC1(OP(C)(=O)F)C2C,1,CC12CC1(OP(C)(=O)F)C2C,InChI=1S/C7H12FO2P/c1-5-6(2)4-7(56)10-11(38)9/h5H4H21-3H3,UDIBLXVQGQWGHI-UHFFFAOYSA-N,,0,0.486846,0.486256,0.508042
389,408,Molecule_408,CC1(OP(C)(=O)F)C2CCC12,1,CC1(OP(C)(=O)F)C2CCC12,InChI=1S/C7H12FO2P/c1-7(10-11(28)9)5-3-4-6(5)7/h5-6H3-4H21-2H3,ZASKBCJBBYZYJZ-UHFFFAOYSA-N,,0,0.484794,0.479059,0.494053
390,409,Molecule_409,CP(=O)(F)OC12CCC3CCC1C23,1,CP(=O)(F)OC12CCC3CCC1C23,InChI=1S/C9H14FO2P/c1-13(1011)12-9-5-4-6-2-3-7(9)8(6)9/h6-8H2-5H21H3,BXMDEIIPGNPGQA-UHFFFAOYSA-N,,0,0.483078,0.47861,0.497971
391,410,Molecule_410,CP(=O)(F)OCCC1CC2CC1C2,1,CP(=O)(F)OCCC1CC2CC1C2,InChI=1S/C9H16FO2P/c1-13(1011)12-3-2-8-4-7-5-9(8)6-7/h7-9H2-6H21H3,KDZIUBNLSHWLCJ-UHFFFAOYSA-N,,0,0.475367,0.475087,0.494516
392,411,Molecule_411,CC1CCC2CC1C2OP(C)(=O)F,1,CC1CCC2CC1C2OP(C)(=O)F,InChI=1S/C9H16FO2P/c1-6-3-4-7-5-8(6)9(7)12-13(210)11/h6-9H3-5H21-2H3,LAUMNVLJIGGWOV-UHFFFAOYSA-N,,0,0.476584,0.476966,0.495143
393,412,Molecule_412,CP(=O)(F)OC1CC2CC=CC21,1,CP(=O)(F)OC1CC2CC=CC21,InChI=1S/C8H12FO2P/c1-12(910)11-8-5-6-3-2-4-7(6)8/h246-8H35H21H3,DBOWXVVUAWQBMN-UHFFFAOYSA-N,,0,0.474301,0.477174,0.497689
394,413,Molecule_413,CC1(CCCC2CC12)OP(C)(=O)F,1,CC1(CCCC2CC12)OP(C)(=O)F,InChI=1S/C9H16FO2P/c1-9(12-13(210)11)5-3-4-7-6-8(7)9/h7-8H3-6H21-2H3,XUCMKIFXNVZMSL-UHFFFAOYSA-N,,0,0.475361,0.474328,0.489348
395,414,Molecule_414,CC1(CC=CC=CC1)OP(C)(=O)F,1,CC1(CC=CC=CC1)OP(C)(=O)F,InChI=1S/C9H14FO2P/c1-9(12-13(210)11)7-5-3-4-6-8-9/h3-6H7-8H21-2H3,JERDGXRTBJTBJS-UHFFFAOYSA-N,,0,0.475095,0.47594,0.484748
396,415,Molecule_415,CP(=O)(F)OCC1CC21CCCCC2,1,CP(=O)(F)OCC1CC21CCCCC2,InChI=1S/C10H18FO2P/c1-14(1112)13-8-9-7-10(9)5-3-2-4-6-10/h9H2-8H21H3,KECBRKYBNSGMSY-UHFFFAOYSA-N,,0,0.47866,0.480577,0.507878
397,416,Molecule_416,CP(=O)(F)OC=C1CC1CCC=C,1,CP(=O)(F)OC=C1CC1CCC=C,InChI=1S/C9H14FO2P/c1-3-4-5-8-6-9(8)7-12-13(210)11/h37-8H14-6H22H3,YFGPZABZSWMGCZ-UHFFFAOYSA-N,,0,0.478501,0.48308,0.500665
398,417,Molecule_417,CC12CC1C2COP(C)(=O)F,1,CC12CC1C2COP(C)(=O)F,InChI=1S/C7H12FO2P/c1-7-3-5(7)6(7)4-10-11(28)9/h5-6H3-4H21-2H3,PYHUTVRYRHRBQN-UHFFFAOYSA-N,,0,0.474032,0.480305,0.506761
399,418,Molecule_418,CC1=CCC=C1CCOP(C)(=O)F,1,CC1=CCC=C1CCOP(C)(=O)F,InChI=1S/C9H14FO2P/c1-8-4-3-5-9(8)6-7-12-13(210)11/h4-5H36-7H21-2H3,SBJKAGFQLREUIY-UHFFFAOYSA-N,,0,0.477749,0.477337,0.505733
400,419,Molecule_419,CP(=O)(F)OC1C2CC3CC321,1,CP(=O)(F)OC1C2CC3CC321,InChI=1S/C7H10FO2P/c1-11(89)10-6-5-2-4-3-7(45)6/h4-6H2-3H21H3,NHKIGQGJNDDIEL-UHFFFAOYSA-N,,0,0.466933,0.475203,0.486568
401,420,Molecule_420,CP(=O)(F)OC1C2C3CCCC2C31,1,CP(=O)(F)OC1C2C3CCCC2C31,InChI=1S/C9H14FO2P/c1-13(1011)12-9-7-5-3-2-4-6(7)8(5)9/h5-9H2-4H21H3,BJUAEXKVHQXXOV-UHFFFAOYSA-N,,0,0.475904,0.476865,0.470076
402,421,Molecule_421,CC1CCC2(C)C1C2OP(C)(=O)F,1,CC1CCC2(C)C1C2OP(C)(=O)F,InChI=1S/C9H16FO2P/c1-6-4-5-9(2)7(6)8(9)12-13(310)11/h6-8H4-5H21-3H3,SGCLCLHZZUVSGK-UHFFFAOYSA-N,,0,0.481566,0.481395,0.490703
403,422,Molecule_422,CC1=CCC2CC12OP(C)(=O)F,1,CC1=CCC2CC12OP(C)(=O)F,InChI=1S/C8H12FO2P/c1-6-3-4-7-5-8(67)11-12(29)10/h37H4-5H21-2H3,QAIHFZUMOOYVIZ-UHFFFAOYSA-N,,0,0.473506,0.473586,0.501059
404,423,Molecule_423,CP(=O)(F)OC12CC3CCC3C1C2,1,CP(=O)(F)OC12CC3CCC3C1C2,InChI=1S/C9H14FO2P/c1-13(1011)12-9-4-6-2-3-7(6)8(9)5-9/h6-8H2-5H21H3,PZIHYCCHBHYNRS-UHFFFAOYSA-N,,0,0.479411,0.479993,0.496805
407,426,Molecule_426,CP(=O)(F)OCC1C2C3CCC2C31,1,CP(=O)(F)OCC1C2C3CCC2C31,InChI=1S/C9H14FO2P/c1-13(1011)12-4-7-8-5-2-3-6(8)9(5)7/h5-9H2-4H21H3,BTJFMVQPMPCQTI-UHFFFAOYSA-N,,0,0.47285,0.475905,0.490989
408,427,Molecule_427,CP(=O)(F)OC1CC2C1C1CC2C1,1,CP(=O)(F)OC1CC2C1C1CC2C1,InChI=1S/C9H14FO2P/c1-13(1011)12-8-4-7-5-2-6(3-5)9(7)8/h5-9H2-4H21H3,VTLQFPIGBPHSKF-UHFFFAOYSA-N,,0,0.492501,0.479666,0.357663
409,428,Molecule_428,CP(=O)(F)OC=CC=CCC1CC1,1,CP(=O)(F)OC=CC=CCC1CC1,InChI=1S/C9H14FO2P/c1-13(1011)12-8-4-2-3-5-9-6-7-9/h2-48-9H5-7H21H3,PKTDJBFDFTXQEN-UHFFFAOYSA-N,,0,0.482544,0.485571,0.507739
410,429,Molecule_429,CC1(CCC2CCC12)OP(C)(=O)F,1,CC1(CCC2CCC12)OP(C)(=O)F,InChI=1S/C9H16FO2P/c1-9(12-13(210)11)6-5-7-3-4-8(7)9/h7-8H3-6H21-2H3,ZIVNDGSLPPJCKA-UHFFFAOYSA-N,,0,0.480455,0.478276,0.498605
412,431,Molecule_431,CC1CC(CC2CC12)OP(C)(=O)F,1,CC1CC(CC2CC12)OP(C)(=O)F,InChI=1S/C9H16FO2P/c1-6-3-8(12-13(210)11)4-7-5-9(6)7/h6-9H3-5H21-2H3,IJSOCLGPYBBRPP-UHFFFAOYSA-N,,0,0.472505,0.472113,0.489009
413,432,Molecule_432,CC12CCCC1C2(C)OP(C)(=O)F,1,CC12CCCC1C2(C)OP(C)(=O)F,InChI=1S/C9H16FO2P/c1-8-6-4-5-7(8)9(82)12-13(310)11/h7H4-6H21-3H3,HVKLSPHQOMVCOP-UHFFFAOYSA-N,,0,0.479882,0.480787,0.49373
414,433,Molecule_433,CP(=O)(F)OC1C2CC3CCC1C32,1,CP(=O)(F)OC1C2CC3CCC1C32,InChI=1S/C9H14FO2P/c1-13(1011)12-9-6-3-2-5-4-7(9)8(5)6/h5-9H2-4H21H3,MLKIDKIMNAZVFA-UHFFFAOYSA-N,,0,0.4816,,0.353477
415,434,Molecule_434,CC1C2CC12C=COP(C)(=O)F,1,CC1C2CC12C=COP(C)(=O)F,InChI=1S/C8H12FO2P/c1-6-7-5-8(67)3-4-11-12(29)10/h3-46-7H5H21-2H3,YVINKWWJCCJUTF-UHFFFAOYSA-N,,0,0.481351,0.486682,0.501429
416,435,Molecule_435,CC(OP(C)(=O)F)C12CC1CC2,1,CC(OP(C)(=O)F)C12CC1CC2,InChI=1S/C8H14FO2P/c1-6(11-12(29)10)8-4-3-7(8)5-8/h6-7H3-5H21-2H3,ZQVFBHAGCXIPLV-UHFFFAOYSA-N,,0,0.478089,0.478574,0.494609
417,436,Molecule_436,CC1C=CC(C=CC=1)OP(C)(=O)F,1,CC1C=CC(C=CC=1)OP(C)(=O)F,InChI=1S/C9H12FO2P/c1-8-4-3-5-9(7-6-8)12-13(210)11/h3-79H1-2H3,QPWUSQOAIPPLOF-UHFFFAOYSA-N,,0,0.480697,0.478599,0.515356
418,437,Molecule_437,CP(=O)(F)OC1CC23CCC2C31,1,CP(=O)(F)OC1CC23CCC2C31,InChI=1S/C8H12FO2P/c1-12(910)11-6-4-8-3-2-5(8)7(6)8/h5-7H2-4H21H3,XKVRGBKXXHTKCX-UHFFFAOYSA-N,,0,0.476502,0.478811,0.494753
419,438,Molecule_438,CCCC1CC1=CC=COP(C)(=O)F,1,CCCC1CC1=CC=COP(C)(=O)F,InChI=1S/C10H16FO2P/c1-3-5-9-8-10(9)6-4-7-13-14(211)12/h46-79H358H21-2H3,USGKFRFCLQLNNL-UHFFFAOYSA-N,,0,0.485273,0.485019,0.500251
420,439,Molecule_439,CC1C2CC12C(C)OP(C)(=O)F,1,CC1C2CC12C(C)OP(C)(=O)F,InChI=1S/C8H14FO2P/c1-5-7-4-8(57)6(2)11-12(39)10/h5-7H4H21-3H3,DGGWNTSCUMTJKX-UHFFFAOYSA-N,,0,0.476217,0.47543,0.510765
421,440,Molecule_440,CC1C=CC(OP(C)(=O)F)C21CC2,1,CC1C=CC(OP(C)(=O)F)C21CC2,InChI=1S/C9H14FO2P/c1-7-3-4-8(9(7)5-6-9)12-13(210)11/h3-47-8H5-6H21-2H3,CYQXTMFQSLNGIJ-UHFFFAOYSA-N,,0,0.476507,0.475904,0.489817
422,441,Molecule_441,CC1CCC2CC1CC2OP(C)(=O)F,1,CC1CCC2CC1CC2OP(C)(=O)F,InChI=1S/C10H18FO2P/c1-7-3-4-8-5-9(7)6-10(8)13-14(211)12/h7-10H3-6H21-2H3,CDXFXGFAHVFMPE-UHFFFAOYSA-N,,0,0.47459,0.478699,0.498243
423,442,Molecule_442,CC1CC23CC21C3OP(C)(=O)F,1,CC1CC23CC21C3OP(C)(=O)F,InChI=1S/C8H12FO2P/c1-5-3-7-4-8(57)6(7)11-12(29)10/h5-6H3-4H21-2H3,GSICMAGKDLUVOO-UHFFFAOYSA-N,,0,0.478602,0.478572,0.497618
424,443,Molecule_443,CP(=O)(F)OC1C2CCC3CCCC321,1,CP(=O)(F)OC1C2CCC3CCCC321,InChI=1S/C10H16FO2P/c1-14(1112)13-9-8-5-4-7-3-2-6-10(78)9/h7-9H2-6H21H3,SJWQINUJTGTBOJ-UHFFFAOYSA-N,,0,0.479996,0.481527,0.487926
425,444,Molecule_444,CP(=O)(F)OC1C2CC3CC31C2,1,CP(=O)(F)OC1C2CC3CC31C2,InChI=1S/C8H12FO2P/c1-12(910)11-7-5-2-6-4-8(67)3-5/h5-7H2-4H21H3,FOOOURULSNZAMK-UHFFFAOYSA-N,,0,0.476883,0.478513,0.499286
426,445,Molecule_445,CC=CC=CC1CCC1OP(C)(=O)F,1,CC=CC=CC1CCC1OP(C)(=O)F,InChI=1S/C10H16FO2P/c1-3-4-5-6-9-7-8-10(9)13-14(211)12/h3-69-10H7-8H21-2H3,UHUJDRKUSYMOFP-UHFFFAOYSA-N,,0,0.477547,0.47602,0.501683
427,446,Molecule_446,CCC1=CC=CCCC1OP(C)(=O)F,1,CCC1=CC=CCCC1OP(C)(=O)F,InChI=1S/C10H16FO2P/c1-3-9-7-5-4-6-8-10(9)13-14(211)12/h4-5710H368H21-2H3,CGRMMEBLIWPSSC-UHFFFAOYSA-N,,0,0.476968,0.478619,0.501126
428,447,Molecule_447,CC1C(C)C(C=C1C)OP(C)(=O)F,1,CC1C(C)C(C=C1C)OP(C)(=O)F,InChI=1S/C9H16FO2P/c1-6-5-9(8(3)7(6)2)12-13(410)11/h57-9H1-4H3,NMLPWLMRVKFWRI-UHFFFAOYSA-N,,0,0.476691,0.473725,0.505792
429,448,Molecule_448,CC1C(CC21CCC2)OP(C)(=O)F,1,CC1C(CC21CCC2)OP(C)(=O)F,InChI=1S/C9H16FO2P/c1-7-8(12-13(210)11)6-9(7)4-3-5-9/h7-8H3-6H21-2H3,HOZNOOGXIWBKTC-UHFFFAOYSA-N,,0,0.47582,0.475072,0.48867
430,449,Molecule_449,CC12CCCCC1CC2OP(C)(=O)F,1,CC12CCCCC1CC2OP(C)(=O)F,InChI=1S/C10H18FO2P/c1-10-6-4-3-5-8(10)7-9(10)13-14(211)12/h8-9H3-7H21-2H3,WLVKBSAZWFXXJG-UHFFFAOYSA-N,,0,0.476884,0.476912,0.491596
431,450,Molecule_450,CP(=O)(F)OC1CC2CC=C1CC2,1,CP(=O)(F)OC1CC2CC=C1CC2,InChI=1S/C9H14FO2P/c1-13(1011)12-9-6-7-2-4-8(9)5-3-7/h479H2-35-6H21H3,HQRDGUMWLFIGLB-UHFFFAOYSA-N,,0,0.369919,0.475829,0.405559
432,451,Molecule_451,CP(=O)(F)OC12CC1C2C1CC1,1,CP(=O)(F)OC12CC1C2C1CC1,InChI=1S/C8H12FO2P/c1-12(910)11-8-4-6(8)7(8)5-2-3-5/h5-7H2-4H21H3,QGDQTOHKBPYIOW-UHFFFAOYSA-N,,0,0.486612,0.484079,0.480639
433,452,Molecule_452,CCCC1CCC2CC21OP(C)(=O)F,1,CCCC1CCC2CC21OP(C)(=O)F,InChI=1S/C10H18FO2P/c1-3-4-8-5-6-9-7-10(89)13-14(211)12/h8-9H3-7H21-2H3,OWEXEKXWOOITNK-UHFFFAOYSA-N,,0,0.481927,0.481237,0.500368
434,453,Molecule_453,CP(=O)(F)OC1CC2CC3CC321,1,CP(=O)(F)OC1CC2CC3CC321,InChI=1S/C8H12FO2P/c1-12(910)11-7-3-5-2-6-4-8(56)7/h5-7H2-4H21H3,ZATCJCDMYUBGMB-UHFFFAOYSA-N,,0,0.474117,0.480158,0.49982
435,454,Molecule_454,CCC1C2C3C(OP(C)(=O)F)C321,1,CCC1C2C3C(OP(C)(=O)F)C321,InChI=1S/C8H12FO2P/c1-3-4-5-6-7(8(45)6)11-12(29)10/h4-7H3H21-2H3,WTBGCTASWAFFGH-UHFFFAOYSA-N,,0,0.482574,0.480156,0.49755
436,455,Molecule_455,CC1CC2CCC1CC2OP(C)(=O)F,1,CC1CC2CCC1CC2OP(C)(=O)F,InChI=1S/C10H18FO2P/c1-7-5-9-4-3-8(7)6-10(9)13-14(211)12/h7-10H3-6H21-2H3,KTPDXFNKYFBQEP-UHFFFAOYSA-N,,0,0.47671,0.475928,0.501919
437,456,Molecule_456,CP(=O)(F)OC1C2CC1C12CCCC1,1,CP(=O)(F)OC1C2CC1C12CCCC1,InChI=1S/C10H16FO2P/c1-14(1112)13-9-7-6-8(9)10(7)4-2-3-5-10/h7-9H2-6H21H3,YDWJLPYQNLKDJU-UHFFFAOYSA-N,,0,0.474884,0.476219,0.50248
438,457,Molecule_457,CP(=O)(F)OC1C2CCC31CC32,1,CP(=O)(F)OC1C2CCC31CC32,InChI=1S/C8H12FO2P/c1-12(910)11-7-5-2-3-8(7)4-6(5)8/h5-7H2-4H21H3,MWJBQMQQRUJNKL-UHFFFAOYSA-N,,0,0.477399,0.482242,0.495283
440,459,Molecule_459,CC12CC1(OP(C)(=O)F)C2CC,1,CC12CC1(OP(C)(=O)F)C2CC,InChI=1S/C8H14FO2P/c1-4-6-7(2)5-8(67)11-12(39)10/h6H4-5H21-3H3,MKQRQTATBJWJJB-UHFFFAOYSA-N,,0,0.482176,0.48395,0.492182
441,460,Molecule_460,CP(=O)(F)OC1CC23CCC2CCC31,1,CP(=O)(F)OC1CC23CCC2CCC31,InChI=1S/C10H16FO2P/c1-14(1112)13-9-6-10-5-4-7(10)2-3-8(9)10/h7-9H2-6H21H3,CSVJACGSWUELER-UHFFFAOYSA-N,,0,0.476192,0.476936,0.491064
442,461,Molecule_461,CC(CC12CC1C2)OP(C)(=O)F,1,CC(CC12CC1C2)OP(C)(=O)F,InChI=1S/C8H14FO2P/c1-6(11-12(29)10)3-8-4-7(8)5-8/h6-7H3-5H21-2H3,RIWUMSCPBUOCBH-UHFFFAOYSA-N,,0,0.473818,0.473286,0.493799
443,462,Molecule_462,CP(=O)(F)OC1CC=CCC21CC2,1,CP(=O)(F)OC1CC=CCC21CC2,InChI=1S/C9H14FO2P/c1-13(1011)12-8-4-2-3-5-9(8)6-7-9/h2-38H4-7H21H3,HSRRBSOTLDKEHU-UHFFFAOYSA-N,,0,0.479179,0.479602,0.499731
444,463,Molecule_463,CCCC1CC2C(CC21)OP(C)(=O)F,1,CCCC1CC2C(CC21)OP(C)(=O)F,InChI=1S/C10H18FO2P/c1-3-4-7-5-9-8(7)6-10(9)13-14(211)12/h7-10H3-6H21-2H3,LPZWORVZZZMRBO-UHFFFAOYSA-N,,0,0.475889,0.480522,0.428572
445,464,Molecule_464,CP(=O)(F)OC1CC=CC21CCC2,1,CP(=O)(F)OC1CC=CC21CCC2,InChI=1S/C9H14FO2P/c1-13(1011)12-8-4-2-5-9(8)6-3-7-9/h258H3-46-7H21H3,OMBWEZVRWLPCKD-UHFFFAOYSA-N,,0,0.483013,0.47901,0.503449
446,465,Molecule_465,CP(=O)(F)OC1CCCCC1C1CC1,1,CP(=O)(F)OC1CCCCC1C1CC1,InChI=1S/C10H18FO2P/c1-14(1112)13-10-5-3-2-4-9(10)8-6-7-8/h8-10H2-7H21H3,GSPNRGYFPGHFHU-UHFFFAOYSA-N,,0,0.478899,0.474912,0.499442
447,466,Molecule_466,CC1CC2(CC2)C1OP(C)(=O)F,1,CC1CC2(CC2)C1OP(C)(=O)F,InChI=1S/C8H14FO2P/c1-6-5-8(3-4-8)7(6)11-12(29)10/h6-7H3-5H21-2H3,GXNFJYBGWSSJAI-UHFFFAOYSA-N,,0,0.47252,0.480027,0.495332
449,468,Molecule_468,CC1C2C(OP(C)(=O)F)C1C1CCC12,1,CC1C2C(OP(C)(=O)F)C1C1CCC12,InChI=1S/C10H16FO2P/c1-5-8-6-3-4-7(6)9(5)10(8)13-14(211)12/h5-10H3-4H21-2H3,WYGCHNDQSNAJGS-UHFFFAOYSA-N,,0,0.483516,0.481343,0.523336
450,469,Molecule_469,CP(=O)(F)OC1CCC2CCC1=C2,1,CP(=O)(F)OC1CCC2CCC1=C2,InChI=1S/C9H14FO2P/c1-13(1011)12-9-5-3-7-2-4-8(9)6-7/h6-79H2-5H21H3,NQSZBBOZHLETLS-UHFFFAOYSA-N,,0,0.480065,0.480391,0.498613
451,470,Molecule_470,CC1CC2C1C2C=COP(C)(=O)F,1,CC1CC2C1C2C=COP(C)(=O)F,InChI=1S/C9H14FO2P/c1-6-5-8-7(9(6)8)3-4-12-13(210)11/h3-46-9H5H21-2H3,ZJTOGKUMULHIBI-UHFFFAOYSA-N,,0,0.487778,0.489211,0.508312
452,471,Molecule_471,CC1CC2(C1)CC2OP(C)(=O)F,1,CC1CC2(C1)CC2OP(C)(=O)F,InChI=1S/C8H14FO2P/c1-6-3-8(4-6)5-7(8)11-12(29)10/h6-7H3-5H21-2H3,RXKWGTLSGXIDOK-UHFFFAOYSA-N,,0,0.480394,0.479191,0.510359
453,472,Molecule_472,CP(=O)(F)OC1CC21C1CC2CC1,1,CP(=O)(F)OC1CC21C1CC2CC1,InChI=1S/C9H14FO2P/c1-13(1011)12-8-5-9(8)6-2-3-7(9)4-6/h6-8H2-5H21H3,WIFFNONTDWNOGZ-UHFFFAOYSA-N,,0,0.479558,0.476513,0.498065
454,473,Molecule_473,CCC1C=C2CCC21OP(C)(=O)F,1,CCC1C=C2CCC21OP(C)(=O)F,InChI=1S/C9H14FO2P/c1-3-7-6-8-4-5-9(78)12-13(210)11/h6-7H3-5H21-2H3,KFMZPTBBCQSCCR-UHFFFAOYSA-N,,0,0.479882,0.478604,0.492988
455,474,Molecule_474,CP(=O)(F)OC12CC3CC3CC1CC2,1,CP(=O)(F)OC12CC3CC3CC1CC2,InChI=1S/C10H16FO2P/c1-14(1112)13-10-3-2-9(10)5-7-4-8(7)6-10/h7-9H2-6H21H3,ARGIGTJLUSKYRR-UHFFFAOYSA-N,,0,0.476029,0.476616,0.496245
456,475,Molecule_475,CCC1C2CC2C1OP(C)(=O)F,1,CCC1C2CC2C1OP(C)(=O)F,InChI=1S/C8H14FO2P/c1-3-5-6-4-7(6)8(5)11-12(29)10/h5-8H3-4H21-2H3,RVHNHOGZAGOUHT-UHFFFAOYSA-N,,0,0.471944,0.476067,0.491699
457,476,Molecule_476,CC12CC(CC1C=C2)OP(C)(=O)F,1,CC12CC(CC1C=C2)OP(C)(=O)F,InChI=1S/C9H14FO2P/c1-9-4-3-7(9)5-8(6-9)12-13(210)11/h3-47-8H5-6H21-2H3,QCWAITRLWUKHJN-UHFFFAOYSA-N,,0,0.475992,0.475806,0.494726
458,477,Molecule_477,CP(=O)(F)OC1CC2CC(C2)C=1,1,CP(=O)(F)OC1CC2CC(C2)C=1,InChI=1S/C8H12FO2P/c1-12(910)11-8-4-6-2-7(3-6)5-8/h46-7H2-35H21H3,KYYMSZXYGVEJFL-UHFFFAOYSA-N,,0,0.480314,0.481634,0.5052
459,478,Molecule_478,CCC1C2CCC2CC1OP(C)(=O)F,1,CCC1C2CCC2CC1OP(C)(=O)F,InChI=1S/C10H18FO2P/c1-3-8-9-5-4-7(9)6-10(8)13-14(211)12/h7-10H3-6H21-2H3,QPEQBZPRZDSVSJ-UHFFFAOYSA-N,,0,0.478982,0.479843,0.515765
460,479,Molecule_479,CP(=O)(F)OC=CC1C2CC1CC2,1,CP(=O)(F)OC=CC1C2CC1CC2,InChI=1S/C9H14FO2P/c1-13(1011)12-5-4-9-7-2-3-8(9)6-7/h4-57-9H2-36H21H3,OGDMYISTYCZFDV-UHFFFAOYSA-N,,0,0.484434,0.485151,0.49709
461,480,Molecule_480,CC1CC2CC1(C2)OP(C)(=O)F,1,CC1CC2CC1(C2)OP(C)(=O)F,InChI=1S/C8H14FO2P/c1-6-3-7-4-8(65-7)11-12(29)10/h6-7H3-5H21-2H3,YWHHBUDIWSOQPT-UHFFFAOYSA-N,,0,0.482293,0.481344,0.506926
462,481,Molecule_481,CC12CCC1C2C=COP(C)(=O)F,1,CC12CCC1C2C=COP(C)(=O)F,InChI=1S/C9H14FO2P/c1-9-5-3-7(9)8(9)4-6-12-13(210)11/h46-8H35H21-2H3,FELQUEXLZMNHMS-UHFFFAOYSA-N,,0,0.485171,0.481306,0.503462
463,482,Molecule_482,CC1C2C3CC12C3OP(C)(=O)F,1,CC1C2C3CC12C3OP(C)(=O)F,InChI=1S/C8H12FO2P/c1-4-6-5-3-8(46)7(5)11-12(29)10/h4-7H3H21-2H3,WNMAWCNUQCZDEO-UHFFFAOYSA-N,,0,0.434562,0.481194,0.453019
464,483,Molecule_483,CC1CC2C1CCC2OP(C)(=O)F,1,CC1CC2C1CCC2OP(C)(=O)F,InChI=1S/C9H16FO2P/c1-6-5-8-7(6)3-4-9(8)12-13(210)11/h6-9H3-5H21-2H3,ITQPWKNNNCMBOE-UHFFFAOYSA-N,,0,0.477691,0.477728,0.497487
465,484,Molecule_484,CC1CC1C(C)(C)OP(C)(=O)F,1,CC1CC1C(C)(C)OP(C)(=O)F,InChI=1S/C8H16FO2P/c1-6-5-7(6)8(23)11-12(49)10/h6-7H5H21-4H3,QFXBSOBZAQQQFZ-UHFFFAOYSA-N,,0,0.471923,0.478598,0.494953
466,485,Molecule_485,CP(=O)(F)OC1CC=CC1C1CC1,1,CP(=O)(F)OC1CC=CC1C1CC1,InChI=1S/C9H14FO2P/c1-13(1011)12-9-4-2-3-8(9)7-5-6-7/h2-37-9H4-6H21H3,KRCCHWPKJIZXJZ-UHFFFAOYSA-N,,0,0.476051,0.47565,0.500928
467,486,Molecule_486,CC1CC(OP(C)(=O)F)C(C)CC1C,1,CC1CC(OP(C)(=O)F)C(C)CC1C,InChI=1S/C10H20FO2P/c1-7-5-9(3)10(6-8(7)2)13-14(411)12/h7-10H5-6H21-4H3,NZNJKKFFVJXQOY-UHFFFAOYSA-N,,0,0.475009,0.476141,0.497927
468,487,Molecule_487,CP(=O)(F)OC1CC2C1C12CCCC1,1,CP(=O)(F)OC1CC2C1C12CCCC1,InChI=1S/C10H16FO2P/c1-14(1112)13-8-6-7-9(8)10(7)4-2-3-5-10/h7-9H2-6H21H3,HNLJJLHGWDLSCJ-UHFFFAOYSA-N,,0,0.475969,0.477799,0.493293
469,488,Molecule_488,CC1(CC21CCC2)OP(C)(=O)F,1,CC1(CC21CCC2)OP(C)(=O)F,InChI=1S/C8H14FO2P/c1-7(11-12(29)10)6-8(7)4-3-5-8/h3-6H21-2H3,UPYVVUJATJAZSX-UHFFFAOYSA-N,,0,0.482859,0.483464,0.514861
470,489,Molecule_489,CC1=CC=CCCC1CCOP(C)(=O)F,1,CC1=CC=CCCC1CCOP(C)(=O)F,InChI=1S/C11H18FO2P/c1-10-6-4-3-5-7-11(10)8-9-14-15(212)13/h3-4611H57-9H21-2H3,IHPAWOGQOBAJRZ-UHFFFAOYSA-N,,0,0.476594,0.476796,0.493267
471,490,Molecule_490,CP(=O)(F)OC1C2CC3CCCCC321,1,CP(=O)(F)OC1C2CC3CCCCC321,InChI=1S/C10H16FO2P/c1-14(1112)13-9-8-6-7-4-2-3-5-10(78)9/h7-9H2-6H21H3,RXTFEPJSCWEVGA-UHFFFAOYSA-N,,0,0.482033,0.484015,0.502972
472,491,Molecule_491,CC1(C)C(OP(C)(=O)F)C2CCC12,1,CC1(C)C(OP(C)(=O)F)C2CCC12,InChI=1S/C9H16FO2P/c1-9(2)7-5-4-6(7)8(9)12-13(310)11/h6-8H4-5H21-3H3,VVJWLOFJDJOHLB-UHFFFAOYSA-N,,0,0.476739,0.481835,0.387851
473,492,Molecule_492,CC1(C)C2C=CC1C2OP(C)(=O)F,1,CC1(C)C2C=CC1C2OP(C)(=O)F,InChI=1S/C9H14FO2P/c1-9(2)6-4-5-7(9)8(6)12-13(310)11/h4-8H1-3H3,JTNZTSDUAMSGFN-UHFFFAOYSA-N,,0,0.477402,0.480851,0.503075
474,493,Molecule_493,CC12C3CC(C1OP(C)(=O)F)C23,1,CC12C3CC(C1OP(C)(=O)F)C23,InChI=1S/C8H12FO2P/c1-8-5-3-4(6(5)8)7(8)11-12(29)10/h4-7H3H21-2H3,NMNXFHYXYLELCZ-UHFFFAOYSA-N,,0,0.471561,0.470875,0.463815
475,494,Molecule_494,CCC12CCCC1CC2OP(C)(=O)F,1,CCC12CCCC1CC2OP(C)(=O)F,InChI=1S/C10H18FO2P/c1-3-10-6-4-5-8(10)7-9(10)13-14(211)12/h8-9H3-7H21-2H3,BCXYFDYQWIAXPU-UHFFFAOYSA-N,,0,0.476159,0.475939,0.496107
476,495,Molecule_495,CC12CC3C1C23OP(C)(=O)F,1,CC12CC3C1C23OP(C)(=O)F,InChI=1S/C7H10FO2P/c1-6-3-4-5(6)7(46)10-11(28)9/h4-5H3H21-2H3,IYOGTZZCJPZKNR-UHFFFAOYSA-N,,0,0.484101,0.486964,0.500575
477,496,Molecule_496,CP(=O)(F)OC1C2C3CC2CCCC31,1,CP(=O)(F)OC1C2C3CC2CCCC31,InChI=1S/C10H16FO2P/c1-14(1112)13-10-7-4-2-3-6-5-8(7)9(6)10/h6-10H2-5H21H3,WMWCARHMRICHOI-UHFFFAOYSA-N,,0,0.48065,0.475627,0.446057
478,497,Molecule_497,CC1=CCC2C(OP(C)(=O)F)C12,1,CC1=CCC2C(OP(C)(=O)F)C12,InChI=1S/C8H12FO2P/c1-5-3-4-6-7(5)8(6)11-12(29)10/h36-8H4H21-2H3,BWYIGQAVQAVDKH-UHFFFAOYSA-N,,0,0.477409,0.477736,0.496415
479,498,Molecule_498,CP(=O)(F)OC1C2CC1CC=CC=C2,1,CP(=O)(F)OC1C2CC1CC=CC=C2,InChI=1S/C10H14FO2P/c1-14(1112)13-10-8-5-3-2-4-6-9(10)7-8/h2-58-10H6-7H21H3,XTQRILFKIGJXNV-UHFFFAOYSA-N,,0,0.473816,0.477536,0.493918
480,499,Molecule_499,CP(=O)(F)OC1CCC21CCC2,1,CP(=O)(F)OC1CCC21CCC2,InChI=1S/C8H14FO2P/c1-12(910)11-7-3-6-8(7)4-2-5-8/h7H2-6H21H3,CZZQNXKEVJNRKG-UHFFFAOYSA-N,,0,0.480386,0.475067,0.495857
481,500,Molecule_500,CCC=CCC1CC1OP(C)(=O)F,1,CCC=CCC1CC1OP(C)(=O)F,InChI=1S/C9H16FO2P/c1-3-4-5-6-8-7-9(8)12-13(210)11/h4-58-9H36-7H21-2H3,FXLMCRXQMWWJGX-UHFFFAOYSA-N,,0,0.476723,0.479387,0.492008
483,502,Molecule_502,CC=CC1C2CCC2CC1OP(C)(=O)F,1,CC=CC1C2CCC2CC1OP(C)(=O)F,InChI=1S/C11H18FO2P/c1-3-4-10-9-6-5-8(9)7-11(10)14-15(212)13/h3-48-11H5-7H21-2H3,MAKJOOLBPMNEKZ-UHFFFAOYSA-N,,0,0.476622,0.477973,0.494709
484,503,Molecule_503,CCC1CCC2CC1C2OP(C)(=O)F,1,CCC1CCC2CC1C2OP(C)(=O)F,InChI=1S/C10H18FO2P/c1-3-7-4-5-8-6-9(7)10(8)13-14(211)12/h7-10H3-6H21-2H3,MFVQCPKEPRNIGK-UHFFFAOYSA-N,,0,0.483665,0.47745,0.508846
485,504,Molecule_504,CP(=O)(F)OC1C2C3CC2CCC31,1,CP(=O)(F)OC1C2C3CC2CCC31,InChI=1S/C9H14FO2P/c1-13(1011)12-9-6-3-2-5-4-7(6)8(5)9/h5-9H2-4H21H3,HYSSOYZCSUNILK-UHFFFAOYSA-N,,0,0.479319,0.480035,0.489914
486,505,Molecule_505,CP(=O)(F)OCC12CC3CC3C1CC2,1,CP(=O)(F)OCC12CC3CC3C1CC2,InChI=1S/C10H16FO2P/c1-14(1112)13-6-10-3-2-9(10)8-4-7(8)5-10/h7-9H2-6H21H3,MTDSVGOTUWZQDZ-UHFFFAOYSA-N,,0,0.475868,0.475983,0.503486
487,506,Molecule_506,CC1C2CCC1C2C=COP(C)(=O)F,1,CC1C2CCC1C2C=COP(C)(=O)F,InChI=1S/C10H16FO2P/c1-7-8-3-4-9(7)10(8)5-6-13-14(211)12/h5-10H3-4H21-2H3,YQHHOCDXVJQDQI-UHFFFAOYSA-N,,0,0.480266,0.483264,0.493515
488,507,Molecule_507,CC1C2CC2C2C1C2OP(C)(=O)F,1,CC1C2CC2C2C1C2OP(C)(=O)F,InChI=1S/C9H14FO2P/c1-4-5-3-6(5)8-7(4)9(8)12-13(210)11/h4-9H3H21-2H3,IPOAGKJWGNZSBJ-UHFFFAOYSA-N,,0,0.479282,0.483458,0.501719
489,508,Molecule_508,CC1C=CC(CC1C)OP(C)(=O)F,1,CC1C=CC(CC1C)OP(C)(=O)F,InChI=1S/C9H16FO2P/c1-7-4-5-9(6-8(7)2)12-13(310)11/h4-57-9H6H21-3H3,OYBBKZWQTMVLFM-UHFFFAOYSA-N,,0,0.47343,0.474654,0.492495
490,509,Molecule_509,CP(=O)(F)OC1C2CCC31CCC32,1,CP(=O)(F)OC1C2CCC31CCC32,InChI=1S/C9H14FO2P/c1-13(1011)12-8-6-2-4-9(8)5-3-7(6)9/h6-8H2-5H21H3,SJOXSENGTIYIOP-UHFFFAOYSA-N,,0,0.47643,0.478814,0.456546
491,510,Molecule_510,CC(OP(C)(=O)F)C1CC2CCC21,1,CC(OP(C)(=O)F)C1CC2CCC21,InChI=1S/C9H16FO2P/c1-6(12-13(210)11)9-5-7-3-4-8(7)9/h6-9H3-5H21-2H3,YUDBTCYBGFDWTC-UHFFFAOYSA-N,,0,0.47665,0.475572,0.426937
492,511,Molecule_511,CC1(CC21CCC2C)OP(C)(=O)F,1,CC1(CC21CCC2C)OP(C)(=O)F,InChI=1S/C9H16FO2P/c1-7-4-5-9(7)6-8(92)12-13(310)11/h7H4-6H21-3H3,VPWRHHUWEHXHPQ-UHFFFAOYSA-N,,0,0.481765,0.480748,0.502136
493,512,Molecule_512,CC1CC2C1CC2(C)OP(C)(=O)F,1,CC1CC2C1CC2(C)OP(C)(=O)F,InChI=1S/C9H16FO2P/c1-6-4-8-7(6)5-9(82)12-13(310)11/h6-8H4-5H21-3H3,GUQAXAPNEMNYJA-UHFFFAOYSA-N,,0,0.513109,0.480313,0.447081
494,513,Molecule_513,CP(=O)(F)OC1CC2CC1C12CC1,1,CP(=O)(F)OC1CC2CC1C12CC1,InChI=1S/C9H14FO2P/c1-13(1011)12-8-5-6-4-7(8)9(6)2-3-9/h6-8H2-5H21H3,QLLDSQQBZBNONG-UHFFFAOYSA-N,,0,0.477112,0.47408,0.491933
495,514,Molecule_514,CC12C3CC1C2(C)C3OP(C)(=O)F,1,CC12C3CC1C2(C)C3OP(C)(=O)F,InChI=1S/C9H14FO2P/c1-8-5-4-6(8)9(82)7(5)12-13(310)11/h5-7H4H21-3H3,RKDWDEWQUJABOJ-UHFFFAOYSA-N,,0,0.473239,0.48089,0.524532
496,515,Molecule_515,CC12C3CCC1CC2C3OP(C)(=O)F,1,CC12C3CCC1CC2C3OP(C)(=O)F,InChI=1S/C10H16FO2P/c1-10-6-3-4-7(10)9(8(10)5-6)13-14(211)12/h6-9H3-5H21-2H3,AJNASMMAXZLFHP-UHFFFAOYSA-N,,0,0.47492,0.478589,0.321604
497,516,Molecule_516,CP(=O)(F)OC1CCC2C3CCC321,1,CP(=O)(F)OC1CCC2C3CCC321,InChI=1S/C9H14FO2P/c1-13(1011)12-8-3-2-6-7-4-5-9(67)8/h6-8H2-5H21H3,WNMBEXPXZLJTGP-UHFFFAOYSA-N,,0,0.470971,0.475461,0.503952
498,517,Molecule_517,CCC1CC23CC21C3OP(C)(=O)F,1,CCC1CC23CC21C3OP(C)(=O)F,InChI=1S/C9H14FO2P/c1-3-6-4-8-5-9(68)7(8)12-13(210)11/h6-7H3-5H21-2H3,JPPGQXCURHFYSU-UHFFFAOYSA-N,,0,0.478783,0.480053,0.494297
499,518,Molecule_518,CCCC12CC1C2COP(C)(=O)F,1,CCCC12CC1C2COP(C)(=O)F,InChI=1S/C9H16FO2P/c1-3-4-9-5-7(9)8(9)6-12-13(210)11/h7-8H3-6H21-2H3,SFDRTHSRPHBJTJ-UHFFFAOYSA-N,,0,0.474172,0.476794,0.496417
500,519,Molecule_519,CCC1C2C(CCC21)OP(C)(=O)F,1,CCC1C2C(CCC21)OP(C)(=O)F,InChI=1S/C9H16FO2P/c1-3-6-7-4-5-8(9(6)7)12-13(210)11/h6-9H3-5H21-2H3,RRLITTGXWRFUIN-UHFFFAOYSA-N,,0,0.475346,0.475276,0.509848
501,520,Molecule_520,CCC1CCC2CC1CC2OP(C)(=O)F,1,CCC1CCC2CC1CC2OP(C)(=O)F,InChI=1S/C11H20FO2P/c1-3-8-4-5-9-6-10(8)7-11(9)14-15(212)13/h8-11H3-7H21-2H3,UGUGAYRJLGFGJD-UHFFFAOYSA-N,,0,0.479777,0.473359,0.492487
502,521,Molecule_521,CC1CC1C1C2CC12OP(C)(=O)F,1,CC1CC1C1C2CC12OP(C)(=O)F,InChI=1S/C9H14FO2P/c1-5-3-6(5)8-7-4-9(78)12-13(210)11/h5-8H3-4H21-2H3,AKZIZXVCLQHQMD-UHFFFAOYSA-N,,0,0.485133,0.487348,0.492865
503,522,Molecule_522,CC12CC1CCC(C2)OP(C)(=O)F,1,CC12CC1CCC(C2)OP(C)(=O)F,InChI=1S/C9H16FO2P/c1-9-5-7(9)3-4-8(6-9)12-13(210)11/h7-8H3-6H21-2H3,KOBIBDZREWQSPI-UHFFFAOYSA-N,,0,0.474482,0.473058,0.48402
504,523,Molecule_523,CP(=O)(F)OC1CCC23CC(C2)C31,1,CP(=O)(F)OC1CCC23CC(C2)C31,InChI=1S/C9H14FO2P/c1-13(1011)12-7-2-3-9-4-6(5-9)8(7)9/h6-8H2-5H21H3,MINAIDCSKARKEQ-UHFFFAOYSA-N,,0,0.4745,0.474863,0.431093
505,524,Molecule_524,CP(=O)(F)OC1CC2C3CC3C2C1,1,CP(=O)(F)OC1CC2C3CC3C2C1,InChI=1S/C9H14FO2P/c1-13(1011)12-5-2-6-7(3-5)9-4-8(6)9/h5-9H2-4H21H3,IKPFSXDJSBFMRH-UHFFFAOYSA-N,,0,0.475674,0.47571,0.498392
506,525,Molecule_525,CP(=O)(F)OC1CC2CC3C1C3C2,1,CP(=O)(F)OC1CC2CC3C1C3C2,InChI=1S/C9H14FO2P/c1-13(1011)12-8-4-5-2-6-7(3-5)9(6)8/h5-9H2-4H21H3,ARRYUFYEJFAOIZ-UHFFFAOYSA-N,,0,0.473071,0.47354,0.502087
507,526,Molecule_526,CC12CC3CC(OP(C)(=O)F)C1C23,1,CC12CC3CC(OP(C)(=O)F)C1C23,InChI=1S/C9H14FO2P/c1-9-4-5-3-6(8(9)7(5)9)12-13(210)11/h5-8H3-4H21-2H3,GYILOYNFKNPMHM-UHFFFAOYSA-N,,0,0.471702,0.475331,0.502677
508,527,Molecule_527,CC1(CC2CC2CC1)OP(C)(=O)F,1,CC1(CC2CC2CC1)OP(C)(=O)F,InChI=1S/C9H16FO2P/c1-9(12-13(210)11)4-3-7-5-8(7)6-9/h7-8H3-6H21-2H3,LAUQIGOUMGTFLI-UHFFFAOYSA-N,,0,0.47526,0.477826,0.493741
509,528,Molecule_528,CP(=O)(F)OC1C2C=CC=CC=CC21,1,CP(=O)(F)OC1C2C=CC=CC=CC21,InChI=1S/C10H12FO2P/c1-14(1112)13-10-8-6-4-2-3-5-7-9(8)10/h2-10H1H3,CTQDZBOOGHQIEI-UHFFFAOYSA-N,,0,0.480438,0.483548,0.500125
510,529,Molecule_529,CP(=O)(F)OC1C23CC21CC=C3,1,CP(=O)(F)OC1C23CC21CC=C3,InChI=1S/C8H10FO2P/c1-12(910)11-6-7-3-2-4-8(67)5-7/h2-36H4-5H21H3,QIVHOWGHLNZRJY-UHFFFAOYSA-N,,0,0.478933,0.477462,0.49227
511,530,Molecule_530,CC1CC21CC=CCC2OP(C)(=O)F,1,CC1CC21CC=CCC2OP(C)(=O)F,InChI=1S/C10H16FO2P/c1-8-7-10(8)6-4-3-5-9(10)13-14(211)12/h3-48-9H5-7H21-2H3,YQARARXLEOIVGH-UHFFFAOYSA-N,,0,0.480726,0.479109,0.502126
512,531,Molecule_531,CCC12CCCCC1CC2OP(C)(=O)F,1,CCC12CCCCC1CC2OP(C)(=O)F,InChI=1S/C11H20FO2P/c1-3-11-7-5-4-6-9(11)8-10(11)14-15(212)13/h9-10H3-8H21-2H3,SWNOPRMHWNYWIG-UHFFFAOYSA-N,,0,0.484228,0.476023,0.494758
513,532,Molecule_532,CP(=O)(F)OC1C2CC(C2)C21CC2,1,CP(=O)(F)OC1C2CC(C2)C21CC2,InChI=1S/C9H14FO2P/c1-13(1011)12-8-6-4-7(5-6)9(8)2-3-9/h6-8H2-5H21H3,LAQVXKSXKDSEQS-UHFFFAOYSA-N,,0,0.473092,0.477786,0.496218
514,533,Molecule_533,CP(=O)(F)OC1CCC2CC3CC231,1,CP(=O)(F)OC1CCC2CC3CC231,InChI=1S/C9H14FO2P/c1-13(1011)12-8-3-2-6-4-7-5-9(67)8/h6-8H2-5H21H3,QZAYMFDBIJYOKO-UHFFFAOYSA-N,,0,0.475837,0.478066,0.494203
515,534,Molecule_534,CP(=O)(F)OC1C2C3C(C=C)C231,1,CP(=O)(F)OC1C2C3C(C=C)C231,InChI=1S/C8H10FO2P/c1-3-4-5-6-7(8(45)6)11-12(29)10/h3-7H1H22H3,UDAKGSVVOUQFPM-UHFFFAOYSA-N,,0,0.483626,0.478953,0.488755
516,535,Molecule_535,CP(=O)(F)OC1C2CC31CC2CC3,1,CP(=O)(F)OC1C2CC31CC2CC3,InChI=1S/C9H14FO2P/c1-13(1011)12-8-7-5-9(8)3-2-6(7)4-9/h6-8H2-5H21H3,XFLURDXFKPGNDO-UHFFFAOYSA-N,,0,0.475298,0.478615,0.4439
517,536,Molecule_536,CCC1CC=CC21CC2OP(C)(=O)F,1,CCC1CC=CC21CC2OP(C)(=O)F,InChI=1S/C10H16FO2P/c1-3-8-5-4-6-10(8)7-9(10)13-14(211)12/h468-9H357H21-2H3,YWAPACFHCQCKIQ-UHFFFAOYSA-N,,0,0.483467,0.484671,0.499809
519,538,Molecule_538,CP(=O)(F)OC1CC2CC3C2C3C1,1,CP(=O)(F)OC1CC2CC3C2C3C1,InChI=1S/C9H14FO2P/c1-13(1011)12-6-2-5-3-7-8(4-6)9(5)7/h5-9H2-4H21H3,YEKKUMPMPWXQIT-UHFFFAOYSA-N,,0,0.476377,0.476194,0.499362
520,539,Molecule_539,CP(=O)(F)OC12CC1CCC2CC=C,1,CP(=O)(F)OC12CC1CCC2CC=C,InChI=1S/C10H16FO2P/c1-3-4-8-5-6-9-7-10(89)13-14(211)12/h38-9H14-7H22H3,RYVODCNGCUJRJV-UHFFFAOYSA-N,,0,0.485057,0.482133,0.493754
521,540,Molecule_540,CCC1CC2CC1CCC2OP(C)(=O)F,1,CCC1CC2CC1CCC2OP(C)(=O)F,InChI=1S/C11H20FO2P/c1-3-8-6-10-7-9(8)4-5-11(10)14-15(212)13/h8-11H3-7H21-2H3,JHZBFDPVBYOOLM-UHFFFAOYSA-N,,0,0.474403,0.475014,0.504528
522,541,Molecule_541,CCC1CC2CCC1CC2OP(C)(=O)F,1,CCC1CC2CCC1CC2OP(C)(=O)F,InChI=1S/C11H20FO2P/c1-3-8-6-10-5-4-9(8)7-11(10)14-15(212)13/h8-11H3-7H21-2H3,WAHARCRAOXHQBE-UHFFFAOYSA-N,,0,0.476671,0.472859,0.487369
523,542,Molecule_542,CC1CC2(C1)CCC2OP(C)(=O)F,1,CC1CC2(C1)CCC2OP(C)(=O)F,InChI=1S/C9H16FO2P/c1-7-5-9(6-7)4-3-8(9)12-13(210)11/h7-8H3-6H21-2H3,HIAFUSOWNGYNJL-UHFFFAOYSA-N,,0,0.474381,0.479437,0.496791
524,543,Molecule_543,CP(=O)(F)OC12CC31CCC2CC3,1,CP(=O)(F)OC12CC31CCC2CC3,InChI=1S/C9H14FO2P/c1-13(1011)12-9-6-8(9)4-2-7(9)3-5-8/h7H2-6H21H3,PHLSZTWCJAOVIV-UHFFFAOYSA-N,,0,0.477142,0.477463,0.49014
525,544,Molecule_544,CC12CC(C1)C12CC1OP(C)(=O)F,1,CC12CC(C1)C12CC1OP(C)(=O)F,InChI=1S/C9H14FO2P/c1-8-3-6(4-8)9(8)5-7(9)12-13(210)11/h6-7H3-5H21-2H3,WUNODWMFEZQLDO-UHFFFAOYSA-N,,0,0.478686,0.478779,0.488539
526,545,Molecule_545,CP(=O)(F)OC12CC1CC1CC2C1,1,CP(=O)(F)OC12CC1CC1CC2C1,InChI=1S/C9H14FO2P/c1-13(1011)12-9-5-8(9)4-6-2-7(9)3-6/h6-8H2-5H21H3,GONOVCUHMNTJED-UHFFFAOYSA-N,,0,0.480951,0.475855,0.488002
527,546,Molecule_546,CC1(C)C2CC2CCC1COP(C)(=O)F,1,CC1(C)C2CC2CCC1COP(C)(=O)F,InChI=1S/C11H20FO2P/c1-11(2)9(7-14-15(312)13)5-4-8-6-10(8)11/h8-10H4-7H21-3H3,HWKDCWOHEUHBEF-UHFFFAOYSA-N,,0,0.476294,0.475695,0.49327
528,547,Molecule_547,CC1CC2CC32C1C3OP(C)(=O)F,1,CC1CC2CC32C1C3OP(C)(=O)F,InChI=1S/C9H14FO2P/c1-5-3-6-4-9(6)7(5)8(9)12-13(210)11/h5-8H3-4H21-2H3,DPUSXKLJNZUGEG-UHFFFAOYSA-N,,0,0.474137,0.480801,0.49507
529,548,Molecule_548,CC1C2CC3CC32C1OP(C)(=O)F,1,CC1C2CC3CC32C1OP(C)(=O)F,InChI=1S/C9H14FO2P/c1-5-7-3-6-4-9(67)8(5)12-13(210)11/h5-8H3-4H21-2H3,LYYREBIHNRQJBX-UHFFFAOYSA-N,,0,0.470479,0.477349,0.48768
530,549,Molecule_549,CC1C2CC3CC12C3OP(C)(=O)F,1,CC1C2CC3CC12C3OP(C)(=O)F,InChI=1S/C9H14FO2P/c1-5-7-3-6-4-9(57)8(6)12-13(210)11/h5-8H3-4H21-2H3,KWSHEHOATHUEKQ-UHFFFAOYSA-N,,0,0.480128,0.481308,0.499225
531,550,Molecule_550,CC1CC2C3C(CC123)OP(C)(=O)F,1,CC1CC2C3C(CC123)OP(C)(=O)F,InChI=1S/C9H14FO2P/c1-5-3-6-8-7(4-9(56)8)12-13(210)11/h5-8H3-4H21-2H3,IHDWXDZXOATVOM-UHFFFAOYSA-N,,0,0.476413,0.475414,0.491083
532,551,Molecule_551,CP(=O)(F)OC12C3CC1C3C12CC1,1,CP(=O)(F)OC12C3CC1C3C12CC1,InChI=1S/C9H12FO2P/c1-13(1011)12-9-5-4-6(9)7(5)8(9)2-3-8/h5-7H2-4H21H3,GSPRLEPVAFBPAY-UHFFFAOYSA-N,,0,0.48521,0.486891,0.403071
533,552,Molecule_552,CC1(CC2C1C1CC12)OP(C)(=O)F,1,CC1(CC2C1C1CC12)OP(C)(=O)F,InChI=1S/C9H14FO2P/c1-9(12-13(210)11)4-7-5-3-6(5)8(7)9/h5-8H3-4H21-2H3,JSEWWYNCQKTCMA-UHFFFAOYSA-N,,0,0.421914,0.433699,0.310526
534,553,Molecule_553,CC1CC2C3CC23C1OP(C)(=O)F,1,CC1CC2C3CC23C1OP(C)(=O)F,InChI=1S/C9H14FO2P/c1-5-3-6-7-4-9(67)8(5)12-13(210)11/h5-8H3-4H21-2H3,VMSHKVAFFZNXKN-UHFFFAOYSA-N,,0,0.475453,0.47191,0.493179
535,554,Molecule_554,CC1C(C)CC(OP(C)(=O)F)C1C,1,CC1C(C)CC(OP(C)(=O)F)C1C,InChI=1S/C9H18FO2P/c1-6-5-9(8(3)7(6)2)12-13(410)11/h6-9H5H21-4H3,RXKYVXPLVXWHFG-UHFFFAOYSA-N,,0,0.476278,0.473627,0.501386
536,555,Molecule_555,CCC1CCCCC21CC2OP(C)(=O)F,1,CCC1CCCCC21CC2OP(C)(=O)F,InChI=1S/C11H20FO2P/c1-3-9-6-4-5-7-11(9)8-10(11)14-15(212)13/h9-10H3-8H21-2H3,HXICYESQVKECSG-UHFFFAOYSA-N,,0,0.478338,0.487309,0.51668
537,556,Molecule_556,CP(=O)(F)OC1C2CCC2C21CC2,1,CP(=O)(F)OC1C2CCC2C21CC2,InChI=1S/C9H14FO2P/c1-13(1011)12-8-6-2-3-7(6)9(8)4-5-9/h6-8H2-5H21H3,TUFXYZYOQADIBO-UHFFFAOYSA-N,,0,0.467829,0.481024,0.449173
538,557,Molecule_557,CC1C2CC(OP(C)(=O)F)C2C1C,1,CC1C2CC(OP(C)(=O)F)C2C1C,InChI=1S/C9H16FO2P/c1-5-6(2)9-7(5)4-8(9)12-13(310)11/h5-9H4H21-3H3,KCZCGCZANZRVGA-UHFFFAOYSA-N,,0,0.481789,0.480078,0.443562
539,558,Molecule_558,CP(=O)(F)OCC1CC=CC21CCC2,1,CP(=O)(F)OCC1CC=CC21CCC2,InChI=1S/C10H16FO2P/c1-14(1112)13-8-9-4-2-5-10(9)6-3-7-10/h259H3-46-8H21H3,UFJICIHWBCGVGR-UHFFFAOYSA-N,,0,0.479753,0.476919,0.496973
540,559,Molecule_559,CP(=O)(F)OC1C2(CC31CC3)CC2,1,CP(=O)(F)OC1C2(CC31CC3)CC2,InChI=1S/C9H14FO2P/c1-13(1011)12-7-8(2-3-8)6-9(7)4-5-9/h7H2-6H21H3,UOXJQXPWIHTCRO-UHFFFAOYSA-N,,0,0.475203,0.475565,0.491148
541,560,Molecule_560,CC1CCC2C(C1)C2OP(C)(=O)F,1,CC1CCC2C(C1)C2OP(C)(=O)F,InChI=1S/C9H16FO2P/c1-6-3-4-7-8(5-6)9(7)12-13(210)11/h6-9H3-5H21-2H3,DDIDQDSLZVHGJP-UHFFFAOYSA-N,,0,0.476531,0.480939,0.502859
542,561,Molecule_561,CP(=O)(F)OC1CC2CC3C2CC31,1,CP(=O)(F)OC1CC2CC3C2CC31,InChI=1S/C9H14FO2P/c1-13(1011)12-9-3-5-2-7-6(5)4-8(7)9/h5-9H2-4H21H3,UJIBTYYERPVFHB-UHFFFAOYSA-N,,0,0.471829,0.471524,0.476325
543,562,Molecule_562,CP(=O)(F)OC12C3CC41C2C43,1,CP(=O)(F)OC12C3CC41C2C43,InChI=1S/C7H8FO2P/c1-11(89)10-7-3-2-6(7)4(3)5(6)7/h3-5H2H21H3,VEBLWEBHVXSMKU-UHFFFAOYSA-N,,0,0.490539,0.495609,0.512628
544,563,Molecule_563,CC12CC(CC)C1(C2)OP(C)(=O)F,1,CC12CC(CC)C1(C2)OP(C)(=O)F,InChI=1S/C9H16FO2P/c1-4-7-5-8(2)6-9(78)12-13(310)11/h7H4-6H21-3H3,GNRHWZRHFBHMIP-UHFFFAOYSA-N,,0,0.481276,0.48766,0.499806
545,564,Molecule_564,CCC1=CCC2C1CC2OP(C)(=O)F,1,CCC1=CCC2C1CC2OP(C)(=O)F,InChI=1S/C10H16FO2P/c1-3-7-4-5-8-9(7)6-10(8)13-14(211)12/h48-10H35-6H21-2H3,KDXKRGDSSPQFHQ-UHFFFAOYSA-N,,0,0.472487,0.47757,0.491332
546,565,Molecule_565,CCC12CC1CC=CC2OP(C)(=O)F,1,CCC12CC1CC=CC2OP(C)(=O)F,InChI=1S/C10H16FO2P/c1-3-10-7-8(10)5-4-6-9(10)13-14(211)12/h468-9H357H21-2H3,RTYIIKFRIPCPKH-UHFFFAOYSA-N,,0,0.471673,0.473542,0.506396
548,567,Molecule_567,CP(=O)(F)OC1C2CC=C3CC321,1,CP(=O)(F)OC1C2CC=C3CC321,InChI=1S/C8H10FO2P/c1-12(910)11-7-6-3-2-5-4-8(56)7/h26-7H3-4H21H3,RDWBRYSILOPKRI-UHFFFAOYSA-N,,0,0.475027,0.477528,0.487968
549,568,Molecule_568,CC(COP(C)(=O)F)C12CC1C2C,1,CC(COP(C)(=O)F)C12CC1C2C,InChI=1S/C9H16FO2P/c1-6(5-12-13(310)11)9-4-8(9)7(9)2/h6-8H4-5H21-3H3,OOHMABZVPDSNND-UHFFFAOYSA-N,,0,0.475425,0.47853,0.51038
550,569,Molecule_569,CCC1=CCCCCC=C1OP(C)(=O)F,1,CCC1=CCCCCC=C1OP(C)(=O)F,InChI=1S/C11H18FO2P/c1-3-10-8-6-4-5-7-9-11(10)14-15(212)13/h8-9H3-7H21-2H3,YSXWMZRNBDVPEQ-UHFFFAOYSA-N,,0,0.483878,0.482048,0.499137
551,570,Molecule_570,CP(=O)(F)OC1CC21C1C3C2CC13,1,CP(=O)(F)OC1CC21C1C3C2CC13,InChI=1S/C9H12FO2P/c1-13(1011)12-6-3-9(6)5-2-4-7(5)8(4)9/h4-8H2-3H21H3,KCQYFOPPKSUQCE-UHFFFAOYSA-N,,0,0.489101,0.477931,0.474757
552,571,Molecule_571,CP(=O)(F)OC1=CC2=CCC3C1C23,1,CP(=O)(F)OC1=CC2=CCC3C1C23,InChI=1S/C9H10FO2P/c1-13(1011)12-7-4-5-2-3-6-8(5)9(6)7/h2468-9H3H21H3,WEZHJIADLWQNTH-UHFFFAOYSA-N,,0,0.487925,0.490186,0.508225
553,572,Molecule_572,CCC12CC=CCC1C2OP(C)(=O)F,1,CCC12CC=CCC1C2OP(C)(=O)F,InChI=1S/C10H16FO2P/c1-3-10-7-5-4-6-8(10)9(10)13-14(211)12/h4-58-9H36-7H21-2H3,ZGRYGCSDWWMTIJ-UHFFFAOYSA-N,,0,0.478734,0.47968,0.497233
554,573,Molecule_573,CC1(C)CC2CCC12OP(C)(=O)F,1,CC1(C)CC2CCC12OP(C)(=O)F,InChI=1S/C9H16FO2P/c1-8(2)6-7-4-5-9(78)12-13(310)11/h7H4-6H21-3H3,YMGTXUVLDYMQDH-UHFFFAOYSA-N,,0,0.484109,0.476396,0.491583
555,574,Molecule_574,CCC1CCC21C1CC2C1OP(C)(=O)F,1,CCC1CCC21C1CC2C1OP(C)(=O)F,InChI=1S/C11H18FO2P/c1-3-7-4-5-11(7)8-6-9(11)10(8)14-15(212)13/h7-10H3-6H21-2H3,HPOFWTQCFLQUMT-UHFFFAOYSA-N,,0,0.494494,0.477705,0.499709
556,575,Molecule_575,CC(C=COP(C)(=O)F)=CCCC1CC1,1,CC(C=COP(C)(=O)F)=CCCC1CC1,InChI=1S/C11H18FO2P/c1-10(4-3-5-11-6-7-11)8-9-14-15(212)13/h48-911H35-7H21-2H3,NXCLAYMNXQUWBV-UHFFFAOYSA-N,,0,0.490958,0.485775,0.503027
557,576,Molecule_576,CC1CC(CC)C(C=C1)OP(C)(=O)F,1,CC1CC(CC)C(C=C1)OP(C)(=O)F,InChI=1S/C10H18FO2P/c1-4-9-7-8(2)5-6-10(9)13-14(311)12/h5-68-10H47H21-3H3,PQFXPGLVKWHXRF-UHFFFAOYSA-N,,0,0.475708,0.476753,0.493858
558,577,Molecule_577,CC1CC2(C1)CC(C2)OP(C)(=O)F,1,CC1CC2(C1)CC(C2)OP(C)(=O)F,InChI=1S/C9H16FO2P/c1-7-3-9(4-7)5-8(6-9)12-13(210)11/h7-8H3-6H21-2H3,NPAHNXJLIPVPEH-UHFFFAOYSA-N,,0,0.473493,0.475694,0.503977
559,578,Molecule_578,CP(=O)(F)OC1CCC2CC1CCCC2,1,CP(=O)(F)OC1CCC2CC1CCCC2,InChI=1S/C11H20FO2P/c1-15(1213)14-11-7-6-9-4-2-3-5-10(11)8-9/h9-11H2-8H21H3,OEJJDWIJYRRMHW-UHFFFAOYSA-N,,0,0.478611,0.477131,0.498569
560,579,Molecule_579,CP(=O)(F)OC=CC1CC1C1CCC1,1,CP(=O)(F)OC=CC1CC1C1CCC1,InChI=1S/C10H16FO2P/c1-14(1112)13-6-5-9-7-10(9)8-3-2-4-8/h5-68-10H2-47H21H3,HRRJNXIWEIQSRZ-UHFFFAOYSA-N,,0,0.480453,0.486395,0.498028
561,580,Molecule_580,CC1(C)CC2(CC2)C1OP(C)(=O)F,1,CC1(C)CC2(CC2)C1OP(C)(=O)F,InChI=1S/C9H16FO2P/c1-8(2)6-9(4-5-9)7(8)12-13(310)11/h7H4-6H21-3H3,JBQFCNXIZACRNY-UHFFFAOYSA-N,,0,0.477921,0.47987,0.503453
562,581,Molecule_581,CCC1CC1C1(CC1)OP(C)(=O)F,1,CCC1CC1C1(CC1)OP(C)(=O)F,InChI=1S/C9H16FO2P/c1-3-7-6-8(7)9(4-5-9)12-13(210)11/h7-8H3-6H21-2H3,PPDHKJSTIDJGLK-UHFFFAOYSA-N,,0,0.481969,0.475778,0.492152
563,582,Molecule_582,CP(=O)(F)OC1CCC21CC12CC1,1,CP(=O)(F)OC1CCC21CC12CC1,InChI=1S/C9H14FO2P/c1-13(1011)12-7-2-3-9(7)6-8(9)4-5-8/h7H2-6H21H3,WMHQCTNOBDQHHX-UHFFFAOYSA-N,,0,0.480697,0.474927,0.480527
564,583,Molecule_583,CP(=O)(F)OC12C3CC1C3C1CC21,1,CP(=O)(F)OC12C3CC1C3C1CC21,InChI=1S/C9H12FO2P/c1-13(1011)12-9-5-2-4(5)8-6(9)3-7(8)9/h4-8H2-3H21H3,LAEAZNUXGDYYMX-UHFFFAOYSA-N,,0,0.48405,0.480966,0.507705
565,584,Molecule_584,CP(=O)(F)OC1C23CC21CCCC3,1,CP(=O)(F)OC1C23CC21CCCC3,InChI=1S/C9H14FO2P/c1-13(1011)12-7-8-4-2-3-5-9(78)6-8/h7H2-6H21H3,NXJYPIDDCAWQPN-UHFFFAOYSA-N,,0,0.480258,0.480429,0.500902
566,585,Molecule_585,CCCC1C2CCC2CC1OP(C)(=O)F,1,CCCC1C2CCC2CC1OP(C)(=O)F,InChI=1S/C11H20FO2P/c1-3-4-10-9-6-5-8(9)7-11(10)14-15(212)13/h8-11H3-7H21-2H3,ZFBFOMRGOSDZDP-UHFFFAOYSA-N,,0,0.477453,0.476316,0.507454
567,586,Molecule_586,CC(OP(C)(=O)F)C12CC1C2CC,1,CC(OP(C)(=O)F)C12CC1C2CC,InChI=1S/C9H16FO2P/c1-4-7-8-5-9(78)6(2)12-13(310)11/h6-8H4-5H21-3H3,BYBNULFIXLQCTF-UHFFFAOYSA-N,,0,0.475237,0.473538,0.494289
568,587,Molecule_587,CP(=O)(F)OCC12CC31CC2CC3,1,CP(=O)(F)OCC12CC31CC2CC3,InChI=1S/C9H14FO2P/c1-13(1011)12-6-9-5-8(9)3-2-7(9)4-8/h7H2-6H21H3,ARFUIWGKIDYMBT-UHFFFAOYSA-N,,0,0.474871,0.477138,0.492671
570,589,Molecule_589,CC1C=CC(OP(C)(=O)F)C2CC12,1,CC1C=CC(OP(C)(=O)F)C2CC12,InChI=1S/C9H14FO2P/c1-6-3-4-9(8-5-7(6)8)12-13(210)11/h3-46-9H5H21-2H3,FEHQAZGBKCDJFF-UHFFFAOYSA-N,,0,0.475176,0.474693,0.485321
571,590,Molecule_590,CP(=O)(F)OC1C2C3CC4C2C4C13,1,CP(=O)(F)OC1C2C3CC4C2C4C13,InChI=1S/C9H12FO2P/c1-13(1011)12-9-7-4-2-3-5(7)6(3)8(4)9/h3-9H2H21H3,OBYRVKPABCXNGT-UHFFFAOYSA-N,,0,0.476151,0.477149,0.496725
572,591,Molecule_591,CC1C=CC(C)=CC1OP(C)(=O)F,1,CC1C=CC(C)=CC1OP(C)(=O)F,InChI=1S/C9H14FO2P/c1-7-4-5-8(2)9(6-7)12-13(310)11/h4-68-9H1-3H3,OTVBWEDFLXXIPE-UHFFFAOYSA-N,,0,0.481154,0.473248,0.489309
573,592,Molecule_592,CCC1NC23CC21C3OP(C)(=O)F,1,CCC1NC23CC21C3OP(C)(=O)F,InChI=1S/C8H13FNO2P/c1-3-5-7-4-8(710-5)6(7)12-13(29)11/h5-610H3-4H21-2H3,GZCOPGSQHQMSTI-UHFFFAOYSA-N,,0,0.490287,0.486534,0.505302
